meta_edible_portion_percent,meta_id,meta_name_en,meta_name_vi,nutrition_per_100g_amino_acids_alanine_mg,nutrition_per_100g_amino_acids_arginine_mg,nutrition_per_100g_amino_acids_aspartic_acid_mg,nutrition_per_100g_amino_acids_cystine_mg,nutrition_per_100g_amino_acids_glutamic_acid_mg,nutrition_per_100g_amino_acids_glycine_mg,nutrition_per_100g_amino_acids_histidine_mg,nutrition_per_100g_amino_acids_isoleucine_mg,nutrition_per_100g_amino_acids_leucine_mg,nutrition_per_100g_amino_acids_lysine_mg,nutrition_per_100g_amino_acids_methionine_mg,nutrition_per_100g_amino_acids_phenylalanine_mg,nutrition_per_100g_amino_acids_proline_mg,nutrition_per_100g_amino_acids_serine_mg,nutrition_per_100g_amino_acids_threonine_mg,nutrition_per_100g_amino_acids_tryptophan_mg,nutrition_per_100g_amino_acids_tyrosine_mg,nutrition_per_100g_amino_acids_valine_mg,nutrition_per_100g_carotenoids_alpha_carotene_mcg,nutrition_per_100g_carotenoids_beta_carotene_mcg,nutrition_per_100g_carotenoids_beta_cryptoxanthin_mcg,nutrition_per_100g_carotenoids_lutein_zeaxanthin_mcg,nutrition_per_100g_carotenoids_lycopene_mg,nutrition_per_100g_energy_kcal,nutrition_per_100g_energy_kj,nutrition_per_100g_isoflavones_daidzein_mg,nutrition_per_100g_isoflavones_genistein_mg,nutrition_per_100g_isoflavones_glycitein_mg,nutrition_per_100g_isoflavones_total_mg,nutrition_per_100g_lipids_total_monounsaturated_fat_g,nutrition_per_100g_lipids_total_polyunsaturated_fat_g,nutrition_per_100g_lipids_total_saturated_fat_g,nutrition_per_100g_lipids_total_trans_fat_g,nutrition_per_100g_macros_ash_g,nutrition_per_100g_macros_carbohydrate_g,nutrition_per_100g_macros_fat_g,nutrition_per_100g_macros_fiber_g,nutrition_per_100g_macros_protein_g,nutrition_per_100g_macros_water_g,nutrition_per_100g_minerals_calcium_mg,nutrition_per_100g_minerals_copper_mcg,nutrition_per_100g_minerals_iron_mg,nutrition_per_100g_minerals_magnesium_mg,nutrition_per_100g_minerals_manganese_mg,nutrition_per_100g_minerals_phosphorus_mg,nutrition_per_100g_minerals_potassium_mg,nutrition_per_100g_minerals_selenium_mcg,nutrition_per_100g_minerals_sodium_mg,nutrition_per_100g_minerals_zinc_mg,nutrition_per_100g_purines_purines_mg,nutrition_per_100g_sugars_fructose_g,nutrition_per_100g_sugars_galactose_g,nutrition_per_100g_sugars_glucose_g,nutrition_per_100g_sugars_lactose_g,nutrition_per_100g_sugars_maltose_g,nutrition_per_100g_sugars_sucrose_g,nutrition_per_100g_sugars_total_sugar_g,nutrition_per_100g_vitamins_folate_mcg,nutrition_per_100g_vitamins_vitamin_a_mcg,nutrition_per_100g_vitamins_vitamin_b12_mcg,nutrition_per_100g_vitamins_vitamin_b1_mg,nutrition_per_100g_vitamins_vitamin_b2_mg,nutrition_per_100g_vitamins_vitamin_b5_mg,nutrition_per_100g_vitamins_vitamin_b6_mg,nutrition_per_100g_vitamins_vitamin_b9_mcg,nutrition_per_100g_vitamins_vitamin_c_mg,nutrition_per_100g_vitamins_vitamin_d_mcg,nutrition_per_100g_vitamins_vitamin_e_mg,nutrition_per_100g_vitamins_vitamin_k_mcg,nutrition_per_100g_vitamins_vitamin_pp_mg
100,1001,"Glutinous rice, milled",GAO NẾP CÁI,347,435,443,96,1210,281,133,222,531,207,66,229,376,309,177,,111,317,0,0,0,0,0,344,1441,,,,,,,,,,,,,,,,,,,,,,,,,,,,,,,,,,,,,,,,,,,,,
100.0,,"Glutinous rice, milled",Gạo nếp mây (Loại thường),395,568,640,140,1328,310,160,294,563,246,160,364,321,358,244,79,228,416,0,0,0,0,0,,,,,,,0.2,0.2,0.11,,0.7,74.9,1.6,0.5,8.4,13.9,16,280,1.2,17,1.1,130,282,15.1,3,2.2,,,,,,,,,7,0,0,0.16,0.06,0.284,0.107,0,0,,,,2.4
0.0,1003,"Under milled, home-pounded rice",Gạo Tẻ Giã,,,,,,,,,,,,,,,,,,,,,,,,344,1439,,,,,,,,,0.9,75.0,1.3,0.7,8.1,14.0,36,360,0.2,52,1.5,108,202,38.8,5,1.9,,,,,,,,,,0,,0.12,0.04,,,,0,,,,1.9
0.0,1004,Ordinary polished rice,Gạo Tẻ Máy,383,551,621,135,1288,301,155,285,546,239,155,353,311,347,236,77,221,403,0,0,0,0,0,344,1439,,,,,0.18,0.16,0.16,,,,,,,,,,,,,,,,,,,,,,,,,,,,,,,,,,,,,,
100.0,1005,"Rice, brown or hulled",Gạo Lứt,437,569,702,91,1528,369,190,318,620,286,169,387,352,388,275,96,281,440,0,0,0,0,0,345,1443,,,,,0.97,0.96,0.54,,,,,,,,,,,,,,,,,,,,,,,,,,,,,,,,,,,,,,
2.0,1006,Foxtail millet,Kẽ,626,243,461,135,1522,182,150,295,889,135,140,368,557,409,224,76,216,367,,60,,,,331,1385,,,,,0.77,2.13,0.72,,,,,,,,,,,,,,,,,,,,,,,,,,,,,,,,,,,,,,
45.0,,,,280,150,240,59,760,140,100,140,470,100,71,190,330,190,140,24,140,180,,,,,,196,818,,,,,0.52,0.89,0.28,,,,,,,,,,,,,,,,,,,,,,,,,,,,,,,,,,,,,,
2.0,1008,"Yellow maize, dried seeds",Ngô vàng hạt khô,644,429,598,155,1614,352,262,308,1054,242,180,423,750,408,323,61,350,435,63,97,0,1355,0,354,1482,,,,,1.25,2.16,0.67,,,,,,,,,,,,,,,,,,,,,,,,,,,,,,,,,,,,,,
0.0,,"Ball shaped dumpling, Vietnamese steamed buns",Bánh bao nhãn thịt,,,,,,,,,,,,,,,,,,,0,0,0,0,0,219,916,,,,,,,,,,,,,,,,,,,,,,,,,,,,,,,,,,,,,,,,,,,,,
100.0,,Rice paper for rollers,Bánh Ơ Nêm,,,,,,,,,,,,,,,,,,,0,0,0,0,0,333,1394,,,,,,,,,,,,,,,,,,,,,,,,,,,,,,,,,,,,,,,,,,,,,
100,11,Rice pudding,Bánh Đúc,,,,,,,,,,,,,,,,,,,0,0,0,0,0,52,215,,,,,,,,,,,,,,,,,,,,,,,,,,,,,,,,,,,,,,,,,,,,,
100,1012,French bread,Bánh Mỳ,280,294,392,188,1924,331,133,294,460,163,133,314,732,345,216,66,208,366,0,0,0,0,0,249,1043,,,,,,,,,1.3,52.6,0.8,0.2,7.9,37.2,28,,2.0,,,164,,,,,,,,,,,,,,0,,0.1,0.07,,,,0,,,,0.7
0.0,1013,Rice noodles,Bánh Phở,,,,,,,,,,,,,,,,,,,0,0,0,0,0,143,599,,,,,,,,,,,,,,,,,,,,,,,,,,,,,,,,,,,,,,,,,,,,,
0.0,1014,Wheat fritters twisted fried,Bánh Quẩy,,,,,,,,,,,,,,,,,,,0,0,0,0,0,292,1222,,,,,,,,,,,,,,,,,,,,,,,,,,,,,,,,,,,,,,,,,,,,,
100.0,,Corn flakes,Bông Ngô,650,362,541,134,1634,319,235,316,1081,230,166,421,771,429,310,61,330,418,0,0,0,0,0,372,1556,,,,,,,,,2.6,80.8,1.6,3.4,8.6,3.0,3,,0.6,,,47,,,,,,,,,,,,,,0,,0.02,0.03,,,,0,,,,0.6
100.0,1016,Glutinous rice flour,Bột gạo nếp,386,554,625,137,1296,303,156,287,550,240,156,355,313,349,238,77,223,406,0,0,0,0,0,362,1516,,,,,0.2,0.19,0.11,,,,,,,,,,,,,,,,,,,,,,,,,,,,,,,,,,,,,,
100.0,1017,Rice ordinary flour,Bột gạo tẻ,332,516,549,107,1097,267,149,244,488,207,144,317,278,310,210,72,314,348,,,,,,359,1501,,,,,0.44,0.38,0.39,,,,,,,,,,,,,,,,,,,,,,,,,,,,,,,,,,,,,,
100,,,,278,320,329,265,3480,341,170,380,780,340,140,630,1254,449,380,110,142,520,0,0,0,0,0,346,1446,,,,,0.23,0.78,0.32,,,,,,,,,,,,,,,,,,,,,,,,,,,,,,,,,,,,,,
0.0,1019,,,518,345,482,125,1300,284,211,248,850,195,145,340,605,329,261,49,282,351,63,97,0,1355,0,361,1511,,,,,1.02,1.76,0.54,,,,,,,,,,,,,,,,,,,,,,,,,,,,,,,,,,,,,,
100,STT: 20,Rice vermicelli,Bún,,,,,,,,,,,,,,,,,,,0,0,0,0,0,110,459,,,,,,,,,,,,,,,,,,,,,,,,,,,,,,,,,,,,,,,,,,,,,
100,STT: 21,"Rice, unriped. Raw",Cơm,,,,,,,,,,,,,,,,,,,0,0,0,0,0,297,1242,,,,,,,,,,,,,,,,,,,,,,,,,,,,,,,,,,,,,,,,,,,,,
100.0,,Wheat noodles,Mỳ Sợi,,679,,,,,300,667,1036,432,320,702,,,490,150,,808,0,0,0,0,0,349,1460,,,,,,,,,,,,,,,,,,,,,,,,,,,,,,,,,,,,,,,,,,,,,
50.0,,"Glutinous maize, boiled",Ngô Nếp Luộc,,,,,,,,,,,,,,,,,,,0,0,0,0,0,167,699,,,,,,,,,,,,,,,,,,,,,,,,,,,,,,,,,,,,,,,,,,,,,
50.0,2001,Water-caltrops,Củ Ấu,,,,,,,,,,,,,,,,,,,,5,,,,115,481,,,,,,,,,,,,,,,,,,,,,,,,,,,,,,,,,,,,,,,,,,,,,
15.0,,Yam winged,Củ cải,63,127,155,19,181,53,34,52,96,59,21,71,54,81,54,12,40,62,,83,,,,127,532,,,,,0.01,0.08,0.04,,,,,,,,,,,,,,,,,,,,,,,,,,,,,,,,,,,,,,
4.0,,,,,,,,,,,,,,,,,,,,,,0,0,0,0,0,119,499,,,,,,,,,,,,,,,,,,,,,,,,,,,,,,,,,,,,,,,,,,,,,
25.0,,Bitter cassava,Củ Sắn,38,137,79,28,206,28,20,27,39,44,11,26,33,33,28,19,17,35,0,8,0,0,0,152,635,,,,,0.08,0.05,0.07,,,,,,,,,,,,,,,,,,,,,,,,,,,,,,,,,,,,,,
100,,,,,,,,,,,,,,,,,,,,,,0,0,0,0,0,119,499,,,,,,,,,,,,,,,,,,,,,,,,,,,,,,,,,,,,,,,,,,,,,
0.0,29,"Nymphaea stellata wild, dried, unshelled",Cù súng khô (Đã bỏ vỏ),,,,,,,,,,,,,,,,,,,0,0,0,0,0,350,1465,,,,,,,,,,,,,,,,,,,,,,,,,,,,,,,,,,,,,,,,,,,,,
6.0,,"Igname Yam, Chinese",Củ Tử,,,,,,,,,,,,,,,,,,,0,0,0,0,0,92,385,,,,,,,,,,,,,,,,,,,,,,,,,,,,,,,,,,,,,,,,,,,,,
17.0,,"Sweet potato, white",Khoai Lang,58,30,176,12,139,42,10,30,40,30,10,40,34,50,40,2,48,30,,150,,,,119,498,,,,,0.0,0.01,0.02,,,,,,,,,,,,,,,,,,,,,,,,,,,,,,,,,,,,,,
13.0,,"Sweet potato, yellow",Khoai Lang Nghệ,58,35,176,12,130,12,19,40,64,42,11,42,34,50,50,12,48,61,,1470,,,,116,485,,,,,,,,,,,,,,,,,,,,,,,,,,,,,,,,,,,,,,,,,,,,,
14.0,,"Chinese Yam, spiny yam",Khoai Môn,,,,,,,,,,,,,,,,,,,,,,,,109,454,,,,,,,,,,,,,,,,,,,,,,,,,,,,,,,,,,,,,,,,,,,,,
14.0,,Water-taro,Khoai Nước,,,,,,,,,,,,,,,,,,,,,,,,98,410,,,,,,,,,,,,,,,,,,,,,,,,,,,,,,,,,,,,,,,,,,,,,
19.0,,Edible canna,Khoai Riêng,,,,,,,,,,,,,,,,,,,,,,,,104,433,,,,,,,,,,,,,,,,,,,,,,,,,,,,,,,,,,,,,,,,,,,,,
18.0,,Taro tuber,Khoai Sọ,40,140,180,17,80,68,30,70,150,70,10,90,61,110,80,20,54,90,,35,20,,,114,477,,,,,0.02,0.08,0.04,,,,,,,,,,,,,,,,,,,,,,,,,,,,,,,,,,,,,,
13.0,,,,76,90,211,10,174,64,30,230,230,100,30,110,64,70,70,20,47,100,0,5,0,13,0,93,387,,,,,0.0,0.04,0.03,,,,,,,,,,,,,,,,,,,,,,,,,,,,,,,,,,,,,,
0.0,,Vermicelli from Bermuda tuber,Miến dong,,,,,,,,,,,,,,,,,,,0,0,0,0,0,332,1390,,,,,,,,,,,,,,,,,,,,,,,,,,,,,,,,,,,,,,,,,,,,,
0.0,,Bermuda flour,Bột Dòng Lộc,,,,,,,,,,,,,,,,,,,0,0,0,0,0,341,1428,,,,,,,,,,,,,,,,,,,,,,,,,,,,,,,,,,,,,,,,,,,,,
100.0,,Sweet potato flour,Bột Khoai Lang,,,,,,,,,,,,,,,,,,,0,0,0,0,0,334,1398,,,,,,,,,,,,,,,,,,,,,,,,,,,,,,,,,,,,,,,,,,,,,
0.0,STT: 41,"Canna edulis Ker, flour",Bột Khoai Riêng (Bột Đao),,,,,,,,,,,,,,,,,,,0,0,0,0,0,337,1411,,,,,,,,,,,,,,,,,,,,,,,,,,,,,,,,,,,,,,,,,,,,,
100.0,,"Potato flour, white",Bột Khoai Tây (Lọc),21,25,91,5,80,17,10,22,33,35,8,24,21,21,20,9,12,36,0,0,0,0,0,345,1441,,,,,0.01,0.15,0.09,,,,,,,,,,,,,,,,,,,,,,,,,,,,,,,,,,,,,,
100.0,43,Cassava flour,Bột Sắn,,,,,,,,,,,,,,,,,,,0,0,0,0,0,333,1391,,,,,,,,,,,,,,,,,,,,,,,,,,,,,,,,,,,,,,,,,,,,,
100.0,,Radix puerariae flour,Bột Sắn Dây,,,,,,,,,,,,,,,,,,,0,0,0,0,0,340,1423,,,,,,,,,,,,,,,,,,,,,,,,,,,,,,,,,,,,,,,,,,,,,
5.0,,,,160,90,484,33,382,116,40,90,120,70,30,100,94,138,110,4,132,90,,417,,,,333,1395,,,,,0.0,0.04,0.05,,,,,,,,,,,,,,,,,,,,,,,,,,,,,,,,,,,,,,
100.0,,"Potato, white, dried",Khoai tây khô,251,290,696,33,574,211,110,750,750,330,110,360,211,231,240,50,155,320,0,18,0,46,0,330,1379,,,,,0.01,0.13,0.08,,,,,,,,,,,,,,,,,,,,,,,,,,,,,,,,,,,,,,
0.0,,"Potato crisp, fried",Khoai tây lát chiên,,,,,,,,,,,,,,,,,,,,,,,,525,2195,,,,,,,,,,,,,,,,,,,,,,,,,,,,,,,,,,,,,,,,,,,,,
5.0,,Dried bitter cassava,Sắn khô,,,,,,,,,,,,,,,,,,,0,0,0,0,0,340,1420,,,,,,,,,,,,,,,,,,,,,,,,,,,,,,,,,,,,,,,,,,,,,
0.0,49,"Tapioca, pearls E.P",TRÂN CHÂU SẴN,,,,,,,,,,,,,,,,,,,0,0,0,0,0,341,1428,,,,,,,,,,,,,,,,,,,,,,,,,,,,,,,,,,,,,,,,,,,,,
20.0,,,,170,546,325,66,761,158,77,131,247,147,62,169,138,172,121,39,103,202,0,0,0,0,0,368,1540,,,,,1.43,0.37,29.7,,1.2,6.2,36.0,4.2,4.8,47.6,30,50,3.0,160,1.3,154,555,,7,5.0,,,,,,,,,26,0,0,0.1,0.01,0.3,0.054,0,2,,0.24,0.2,0.2
0.0,"STT: 51, Mã số: 3002","Coconut meat, immature, raw",Cùi Dứa Non,,,,,,,,,,,,,,,,,,,0,0,0,0,0,40,166,,,,,,,,,,,,,,,,,,,,,,,,,,,,,,,,,,,,,,,,,,,,,
100,52,,,,,,,,,,,,,,,,,,,,,,,,,,321,1344,,,,,,,,,,,,,,,,,,,,,,,,,,,,,,,,,,,,,,,,,,,,,
2.0,,,,905,1337,2613,235,3294,843,601,954,1725,1483,325,1168,916,1175,909,256,608,1130,,30,,,,325,1361,0,0,0,0,0.12,0.81,0.37,,2.8,53.3,1.7,4.0,24.2,14.0,56,,6.1,,,354,,,,,,,,,,,,,444,0,,0.5,0.21,0.899,0.286,0,3,,0.22,6,1.8
10.0,,,,908,1975,2904,123,3594,871,1140,1514,1931,1503,312,1176,1488,1198,911,323,592,1554,,10,,,,320,1341,0.01,0.02,,0.03,0.11,0.54,0.33,,4.1,51.9,2.0,4.3,23.7,14.0,110,,6.5,,,382,,,,,,,,,,,,,633,0,0,0.59,0.22,1.496,0.357,0,1,,0.39,5,2.3
0.0,"STT: 55, Mã số: 3006","Peas garden and field, seeds, dried",Đậu Hà Lan (Hạt),1080,2188,2896,373,4196,1092,597,1014,1760,1772,251,1132,1014,1080,872,275,711,1159,,70,,,,318,1330,2.42,,,2.42,0.24,0.5,0.16,,2.7,54.1,1.4,6.0,22.2,13.6,57,930,4.4,145,,303,135,0.4,9,4,,,,,,,,,274,0,0,0.77,0.18,1.758,0.174,0,0,,0.09,14.5,3.1
2.0,,,,1671,2410,4361,485,7098,1551,780,1670,2240,1970,680,1800,1989,1851,1600,480,988,1430,,30,,,,400,1674,67.79,72.51,10.88,151.17,4.4,11.26,2.88,,4.5,24.6,18.4,4.5,34.0,14.0,165,300,11.0,236,1.2,690,1504,1.5,2,3.8,,,,,,,,,375,0,0,0.54,0.29,0.793,0.377,0,4,,0.85,47,2.3
2.0,,,,551,1620,1976,133,3564,680,600,950,1460,1160,300,1280,778,1069,740,320,631,930,,10,,,,,,0.02,0.04,,0.06,0.06,0.46,0.12,,3.3,53.8,2.1,3.6,23.2,14.0,160,,6.8,,,514,,,,,,,,,,,,,394,0,0,0.54,0.18,0.78,0.397,0,3,,0.22,19,2.1
2.0,,,,,,,,,,,,,,,,,,,,,,,,,,,321,1344,,,,,,,,,3.4,50.0,2.0,4.8,25.8,14.0,,,,,,,,,,,,,,,,,,,,,,,,,,,,,,,
100.0,,,,809,1470,2449,113,3122,758,663,941,1607,2145,458,1259,802,908,736,432,556,989,,30,,,,328,1371,0.01,0.18,,0.19,0.16,0.38,0.35,,2.4,53.1,2.4,4.7,23.4,14.0,64,880,4.8,270,,377,1132,,6,1.1,,,,,,,,,625,0,0,0.72,0.15,1.91,0.382,0,4,,0.51,9,2.4
30.0,3011,"Chestnut, Chinese whole, raw",Hạt Đệ To,,,,,,,,,,,,,,,,,,,,10,,,,638,2669,,,,,,,,,,,,,,,,,,,,,,,,,,,,,,,,,,,,,,,,,,,,,
18.0,,,,200,430,852,110,537,184,121,157,259,228,101,190,162,184,167,49,125,220,,,,,,223,933,,,,,0.58,0.29,0.16,,1.7,49.1,1.1,,4.2,44.0,18,363,1.41,84,1.6,96,447,,3,0.87,,,,,,,,,68,0,0,0.16,0.18,0.555,0.41,0,36,,,,0.8
100,,,,324,699,1385,179,873,299,197,255,421,371,0,309,263,299,272,80,203,358,,,,,,363,1517,,,,,0.95,0.47,0.27,,2.7,79.8,1.8,,6.8,8.9,29,590,2.29,137,2.6,155,726,,5,1.41,,,,,,,,,110,0,0,0.26,0.29,0.902,0.666,0,59,,,,1.3
50.0,,Black Seed,Hạt Đen,,,,,,,,,,,,,,,,,,,,,,,,472,1976,,,,,,,,,2.7,35.5,29.0,3.5,17.3,12.0,84,,,,,255,,,,,,,,,,,,,,,,,,,,,,,,,
100,3015,"Cashew nut, common",Hạt Đậu,837,2123,1795,393,4506,937,456,789,1472,928,362,951,812,1079,688,287,508,1094,,5,,,,605,2532,,,,,23.8,7.85,7.78,,2.6,28.7,46.3,0.6,18.4,3.4,28,2195,3.6,292,1.66,462,660,19.9,12,5.78,,0.05,0,0.05,0,0,5.81,5.91,25,0,0,0.25,0.34,0.864,0.417,0,1,,0.9,34.1,2.4
15.0,,"Jack fruit, seed, raw",Hạt mít,,,,,,,,,,,,,,,,,,,0,0,0,0,0,166,694,,,,,,,,,,,,,,,,,,,,,,,,,,,,,,,,,,,,,,,,,,,,,
100,,,,669,2720,2952,249,5070,1287,580,880,1760,990,360,1680,1236,1557,770,300,669,1290,,10,,,,,,0.03,0.24,,0.26,24.43,15.56,6.83,,2.5,15.5,44.5,2.5,27.5,7.5,68,420,2.2,185,1.6,420,421,,4,1.9,,,,,,,,,240,0,0,0.44,0.12,1.767,0.348,0,,,8.33,0,16.0
40.0,3018,Palm fruit fresh,QUẢ CỐ TƯỜI,,,,,,,,,,,,,,,,,,,,,,,,178,746,,,,,,,,,,,,,,,,,,,,,,,,,,,,,,,,,,,,,,,,,,,,,
90.0,,Hodgsonia fruit,Quả Đái Hái Tươi,,,,,,,,,,,,,,,,,,,,,,,,427,1786,,,,,,,,,,,,,,,,,,,,,,,,,,,,,,,,,,,,,,,,,,,,,
100,,"Sesame oriental seeds, whole, dried black or white","Vừng (Đen, Trắng)",1082,1850,1134,202,4154,1245,300,840,1410,680,600,1410,1245,982,680,360,712,1000,,15,,,,568,2378,,,,,18.76,21.77,6.96,,4.8,17.6,46.4,3.5,20.1,7.6,975,4082,14.55,351,2.46,629,468,5.7,11,7.75,,,,,,,,0.3,97,0,0,0.79,0.25,0.05,0.79,0,0,,0.25,0,4.5
100.0,,"Soybeans flour, defatted",Bột Đậu Tương Đã Loại Béo (Đậu Nành),2215,3647,5911,757,9106,2174,1268,2281,3828,3129,634,2453,2750,2725,2042,683,1778,2346,,35,,,,321,1343,57.47,71.21,7.55,131.19,0.21,0.53,0.14,,4.5,29.0,1.0,2.5,49.0,14.0,247,4067,7.6,290,3.02,602,2384,1.7,20,2.46,,,,,,,,,305,0,0,0.7,0.3,1.995,0.574,0,0,,0.2,4.1,2.0
100.0,,Roasted soybeans flour,Bột Đậu Tương Rang Chín,1639,2700,4375,561,6740,1609,938,1688,2834,2316,469,1816,2035,2017,1511,506,1316,1737,,,,,,,,99.27,98.75,16.4,198.95,4.29,12.34,3.16,,5.6,22.9,18.0,2.5,41.0,10.0,189,,7.5,,,540,,,,,,,,,,,,,,0,,0.4,0.16,,,,,,,,2.0
100,,,,850,1545,2575,119,3282,797,697,989,1689,2255,481,1324,843,955,774,454,585,1040,,,,,,347,1451,,,,0.2,0.17,0.4,0.36,,,,,,,,,,,,,,,,,,,,,,,,,,,,,,,,,,,,,,
100,,,,713,2899,3147,265,5404,1372,618,938,1876,1055,384,1791,1317,1660,821,320,713,1375,,10,,,,575,2406,0.03,0.24,,0.26,22.33,14.22,6.25,,,,,,,,,,,,,,,,,,,,,,,,,,,,,,,,,,,,,,
100.0,,,,261,472,845,108,1536,293,264,360,618,460,108,443,410,367,235,133,233,364,,,,,,,,9.02,13.6,1.98,23.61,1.06,2.7,0.69,,0.6,0.7,5.4,0.4,10.9,82.0,24,193,2.2,30,0.61,85,121,8.9,7,0.8,,,,,,,,,15,0,0,0.03,0.02,0.068,0.047,0,0,,,,0.4
0.0,,,,,,,,,,,,,,,,,,,,,,,,,,,414,1732,,,,,,,,,3.7,6.5,20.8,0.3,50.2,18.5,325,,10.8,,,225,,,,,,,,,,,,,,0,,,,,,,,,,,
0.0,,,,,,,,,,,,,,,,,,,,,,,,,,,114,479,,,,,,,,,0.7,0.8,6.4,0.5,13.4,78.2,370,,4.7,,,167,,,,,,,,,,,,,,0,,0.04,0.05,,,,,,,,0.1
19.0,,,,1629,4920,3080,349,5889,1939,798,1801,2632,1524,587,1319,2150,1352,1319,554,1042,1834,,235,,,,519,2170,,,,,,,,,,,,,,,,,,,,,,,,,,,,,,,,,,,,,,,,,,,,,
22.0,"STT: 78, Mã số: 3029","Water melon seeds whole, fried",Hạt dưa đỏ rang (Dưa hấu),1447,4468,2247,295,5324,1498,749,1447,2007,937,398,1096,1391,1096,1203,428,805,1447,,90,,,,551,2306,,,,,29.0,,8.0,,,,,,,,,,,,,,,,,,,,,,,,,,,,,,,,,,,,,,
100.0,,"Cashew, common, roasted with oil","Hạt Đậu Khô, Chiên Dầu",781,1607,1801,239,3796,1020,455,868,1388,1062,194,888,1062,1214,868,347,434,1280,,5,,,,,,,,,,41.1,8.6,5.5,,2.6,16.4,49.3,0.7,18.3,12.7,32,,3.9,,,411,,,,,,,,,,,,,,0,,0.36,0.34,,,,,,,,1.4
0.0,,"Milk flour, made from roasted soybeans",Sữa Bột Đậu Nành,,,,,,,,,,,,,,,,,,,,,,,,405,1692,,,,,,,,,5.3,48.2,9.7,2.2,31.1,3.5,224,,7.5,,,320,,,,,,,,,,,,,,0,,0.4,0.16,,,,,,,,2.0
0.0,,,,137,196,348,23,539,152,69,162,230,162,42,162,230,172,152,42,108,176,,,,,,28,119,4.45,6.06,0.56,9.65,0.38,0.77,0.23,,0.4,0.4,1.6,0.1,3.1,94.4,18,141,1.2,25,0.22,36,124,4.8,55,0.44,,,,,,,,,16,0,0,0.05,0.02,0.518,0.096,0,0,0.4,1.35,3,0.3
0.0,,,,,,,,,,,,,,,,,,,,,,,,,,,37,153,,,,,,,,,0.9,6.4,0.2,0.2,2.3,90.0,92,,0.3,,,150,,,,,,,,,,,,,,,,,,,,,,,,,
35.3,4001,"Calabash, Bottle gourd",Bầu,,,,,,,,,,,,,,,,,,,,10,,,,14,59,,,,,0.0,0.01,0.0,,,,,,,,,,,,,,,,,,,,,,,,,,,,,,,,,,,,,,
25.0,,"Asgourd Waxgoured, Winter melon",Bí Đao (Bí Xanh),,,,,,,,,,,,,,,,,,,,5,,,,12,50,,,,,,,,,,,,,,,,,,,,,,,,,,,,,,,,,,,,,,,,,,,,,
18.3,,,,47,46,151,10,233,31,20,47,69,63,12,34,29,37,31,18,18,48,515,3100,2145,1500,0,27,111,,,,,0.01,0.01,0.05,,,,,,,,,,,,,,,,,,,,,,,,,,,,,,,,,,,,,,
100,,"Eggplant, Brinja aubergine",Cà bật,32,81,115,9,198,31,18,36,58,43,13,36,29,49,23,15,47,41,,40,,,,23,94,,,,,0.02,0.08,0.03,,0.6,4.0,0.2,1.5,1.2,92.5,12,82,0.7,14,0.25,16,230,0.3,2,0.16,,,,,,,,,22,0,0,0.03,0.04,0.281,0.084,0,3,,0.3,3.5,0.5
5.0,4005,Tomato,Cà Chua,22,19,104,5,269,16,13,16,24,25,5,16,14,22,20,7,12,19,112,393,0,130,3.025,20,85,,,,,0.05,0.14,0.05,,,,,,,,,,,,,,,,,,,,,,,,,,,,,,,,,,,,,,
100,,Eggplant - small,Cà phao,32,81,115,9,198,31,18,36,58,43,13,36,29,49,23,15,47,41,,20,,,,20,85,,,,,,,,,,,,,,,,,,,,,,,,,,,,,,,,,,,,,,,,,,,,,
10.5,4007,Carrots,"Cà rốt (Củ đỏ, Vàng)",48,44,117,10,194,29,14,30,44,39,12,27,28,32,29,7,22,44,3477,8285,125,256,1,39,164,,,,,0.01,0.12,0.04,,,,,,,,,,,,,,,,,,,,,,,,,,,,,,,,,,,,,,
0.0,,,,,,,,,,,,,,,,,,,,,,,810,,,,292,1221,,,,,,,,,,,,,,,,,,,,,,,,,,,,,,,,,,,,,,,,,,,,,
95.0,,Aubergine,Cà Tím,,,,,,,,,,,,,,,,,,,,10,,,,22,92,,,,,,,,,,,,,,,,,,,,,,,,,,,,,,,,,,,,,,,,,,,,,
100.0,,,,86,141,111,19,148,81,43,52,90,53,18,51,62,70,64,18,31,72,0,65,0,310,0,29,123,,,,,0.01,0.06,0.02,,,,,,,,,,,,,,,,,,,,,,,,,,,,,,,,,,,,,,
22.0,,,,96,158,124,21,165,90,48,59,101,59,20,57,69,78,71,20,35,80,0,670,0,329,20,45,190,,,,,0.02,0.13,0.03,,,,,,,,,,,,,,,,,,,,,,,,,,,,,,,,,,,,,,
100.0,,,,,,,,,,,,,,,,,,,,,,,,,,,245,1026,,,,,,,,,10.7,39.7,1.6,14.0,18.0,16.0,300,,7.5,,,106,,,,,,,,,,,,,,0,,0.15,0.52,,,,2,0.0,,,0.5
25.0,,Chrysanthemum crown-daisy,Cải Cúc,,,,,,,,,,,,,,,,,,,,1115,,,,14,59,,,,,,,,,,,,,,,,,,,,,,,,,,,,,,,,,,,,,,,,,,,,,
100,,,,137,150,187,7,190,112,40,93,166,134,20,114,96,60,133,30,63,137,0,2820,0,5767,0,15,61,,,,,0.01,0.04,0.03,,,,,,,,,,,,,,,,,,,,,,,,,,,,,,,,,,,,,,
25.0,,,,86,84,108,17,360,43,26,85,88,89,9,44,31,48,49,15,29,66,1,2681,0,40,0,17,71,,,,,0.02,0.1,0.03,,1.0,2.4,0.2,1.8,1.4,93.2,50,90,0.7,25,0.5,30,200,0.5,25,0.75,,,,,,,,1.18,66,0,0,0.09,0.07,0.088,0.194,0,26,,0.09,35.8,0.4
24.0,,"Mustard greens, India, leaves and stems",Cải xanh,,197,,40,,,48,98,83,123,25,72,,,72,30,143,105,0,6300,0,9900,0,16,68,,,,,0.09,0.04,0.01,,,,,,,,,,,,,,,,,,,,,,,,,,,,,,,,,,,,,,
20.0,STT: 99,Water drop-wort; Celery water,Cần Ta,,,,,,,,,,,,,,,,,,,,2045,,,,10,42,,,,,,,,,,,,,,,,,,,,,,,,,,,,,,,,,,,,,,,,,,,,,
16.0,,"Celery, Chinese",Cần Tây,23,20,117,4,90,21,12,21,32,27,5,20,18,20,20,9,9,27,0,150,0,232,0,48,201,,,,,0.03,0.08,0.04,,,,,,,,,,,,,,,,,,,,,,,,,,,,,,,,,,,,,,
32.0,,,,,,,,,,,,,,,,,,,,,,39,184,0,0,0,,,,,,,0.03,0.24,0.05,,0.8,16.4,0.5,1.0,1.2,80.2,26,94,0.4,17,0.1,27,256,0.3,13,0.25,,,,,,,,1.95,29,0,0,0.05,0.02,0.265,0.357,0,31,,0.69,9.5,0.6
100.0,,,,23,51,48,7,160,18,13,26,35,27,7,27,17,17,23,3,12,37,,16,,,,48,203,,,,,,,,,,,,,,,,,,,,,,,,,,,,,,,,,,,,,,,,,,,,,
100,,Radish garden while raw,Củ cải trắng,23,51,48,7,160,18,13,26,35,27,7,27,17,17,23,3,12,37,0,0,0,0,0,,,,,,,0.02,0.05,0.03,,1.2,3.6,0.1,1.5,1.5,92.1,40,150,1.1,15,0.05,41,242,3.9,10,0.2,,,,,,,,2.5,28,0,0,0.06,0.06,0.138,0.046,0,30,,0,0.3,0.5
100.0,,,,248,456,538,,1492,248,149,344,413,393,75,262,202,240,326,43,150,365,0,0,0,0,0,220,918,,,,,0.12,0.33,0.22,,,,,,,,,,,,,,,,,,,,,,,,,,,,,,,,,,,,,,
15.0,,,,,,,,,,,,,,,,,,,,,,0,0,0,0,0,28,117,,,,,,,,,,,,,,,,,,,,,,,,,,,,,,,,,,,,,,,,,,,,,
13.0,,,,,,,,,,,,,,,,,,,,,,0,0,0,0,0,30,124,,,,,,,,,0.6,5.4,,1.8,2.0,90.2,24,,1.4,,,92,,,,,,,,,,,,,,0,,,,,,,2,,,,
4.0,,"Horse radish; dish - tree, drumstick leaf",Dóc Củ Cải (NON),,,,,,,,,,,,,,,,,,,,1090,,,,14,59,,,,,,,,,,,,,,,,,,,,,,,,,,,,,,,,,,,,,,,,,,,,,
20.0,,Colocasia indica,Độc mùng,,,,,,,,,,,,,,,,,,,,,,,,5,20,,,,,,,,,,,,,,,,,,,,,,,,,,,,,,,,,,,,,,,,,,,,,
100,,Cucumber,Dưa chuột,23,39,46,6,123,25,9,18,26,23,5,15,15,24,18,4,18,24,0,138,0,0,0,16,66,,,,,0.0,0.05,0.03,,,,,,,,,,,,,,,,,,,,,,,,,,,,,,,,,,,,,,
5.0,,Large cucumber,Dưa Gang,,,,,,,,,,,,,,,,,,,,130,,,,11,47,,,,,,,,,,,,,,,,,,,,,,,,,,,,,,,,,,,,,,,,,,,,,
100.0,,,,106,102,288,20,257,91,56,90,166,132,31,102,91,128,93,33,80,118,,180,,,,73,306,,,,,,,,,0.7,13.3,,1.0,5.0,80.0,26,90,0.7,26,0.5,122,254,,96,0.01,,,,,,,,,,0,,0.34,0.19,,,,25,,,,2.6
100.0,,,,,196,,42,,,90,150,200,184,40,154,,,104,32,115,162,,250,,,,,,,,,,0.04,0.17,0.11,,0.7,7.9,0.4,2.0,6.0,83.0,47,48,1.6,36,0.21,16,194,1.5,5,0.37,,,,,,,,,62,0,0,0.29,0.18,0.055,0.024,0,22,,,,1.8
100,"STT: 113, Mã số: 4031",Green peas; field pea; Peas garden,Đậu Hà Lan,301,587,665,64,976,264,143,279,466,489,62,295,257,301,252,68,208,317,19,485,,,,,,,,,,0.04,0.19,0.07,,0.5,10.6,0.4,1.0,6.5,81.0,,,,,,,,,,,,0.39,0,0.12,0,0.17,4.99,5.67,65,0,0,0.4,0.15,0.104,0.169,0,27,,0.13,24.8,2.2
5.0,,,,,,,,,,,,,,,,,,,,,,,270,,,,34,141,,,,,,,,,0.6,6.3,0.1,1.6,1.9,89.5,63,,1.3,,,60,,,,,,,,,,,,,,0,,0.06,0.12,,,,22,,,,0.5
25.0,,,,,,,,,,,,,,,,,,,,,,,15,,,,,,,,,,,,,,0.5,4.6,,2.0,0.8,92.1,63,101,0.9,56,,50,215,,7,,,,,,,,,,,0,,0.02,0.03,,,,40,,,,0.3
80.0,,,,,,,,,,,,,,,,,,,,,,2718,21756,0,0,49.667,122,508,,,,,1.76,1.55,2.05,,,,,,,,,,,,,,,,,,,,,,,,,,,,,,,,,,,,,,
0.0,,Sprout of soybeans,Giá Đậu Tương,377,460,1452,79,925,356,164,452,670,392,116,391,323,453,317,79,276,423,,25,,,,79,331,19.12,21.6,,40.71,1.52,3.78,0.93,,,,,,,,,,,,,,,,,,,,,,,,,,,,,,,,,,,,,,
100,,"Mungobean sprouts, Green gram, Tiensin green bean",Giá Đậu Xanh,259,366,1062,43,656,211,132,316,463,274,87,271,272,273,225,60,192,324,6,6,6,0,0,44,185,,,,,0.02,0.06,0.05,,,,,,,,,,,,,,,,,,,,,,,,,,,,,,,,,,,,,,
24.0,,,,86,137,176,,393,94,33,81,113,95,21,61,126,86,74,21,55,84,,15,,,,,,,,,,0.06,0.16,0.07,,0.7,4.4,0.4,0.7,1.3,92.5,32,70,1.1,23,0.14,49,212,0.6,17,0.52,,,,,,,,,16,0,0,0.03,0.04,0.169,0.072,0,10,,,,0.2
20.0,,"Onion, Welsh",Hành lá (Hành hoá),,,,,,,,,,,,,,,,,,,,1370,,,,22,94,,,,,,,,,,,,,,,,,,,,,,,,,,,,,,,,,,,,,,,,,,,,,
17.0,,,,58,160,70,19,220,41,14,23,44,60,16,41,30,27,22,20,30,25,0,1,0,0,0,,,,,,,0.02,0.06,0.03,,0.8,8.2,0.1,1.1,1.8,88.0,38,70,0.8,23,0.2,58,221,1.5,8,1.43,,1.16,0,1.95,0.01,0,1.16,4.28,19,0,0,0.03,0.04,0.122,0.147,0,10,0.0,0.02,0.4,0.2
39.0,STT: 122,"Lotus seed, raw",Hạt Sen Tươi,239,338,505,54,957,221,115,205,326,264,72,206,344,252,200,59,100,266,,10,,,,161,672,,,,,0.1,0.31,0.09,,,,,,,,,,,,,,,,,,,,,,,,,,,,,,,,,,,,,,
100.0,,,,892,1262,1884,201,3570,826,430,765,1215,985,267,767,1285,939,747,221,375,991,,30,,,,334,1396,,,,,0.39,1.17,0.33,,3.4,58.0,2.4,2.2,20.0,14.0,89,350,6.4,210,2.32,285,1368,,5,1.05,,,,,,,,,104,0,0,0.64,0.15,0.851,0.629,0,0,,,,1.6
100,,,,74,78,140,25,226,69,25,52,96,78,18,55,66,92,63,12,41,56,0,1000,0,1900,0,,,,,,,0.0,0.17,0.04,,0.6,1.5,0.3,0.9,2.2,94.5,56,100,1.3,18,0.3,45,234,1,6,0.2,,,,,,,,,64,0,0,0.03,0.09,0.14,0.233,0,19,0.0,0.92,47,0.9
29.0,,,,,,,,,,,,,,,,,,,,,,,170,,,,20,84,,,,,,,,,,,,,,,,,,,,,,,,,,,,,,,,,,,,,,,,,,,,,
3.0,,"Daylily, lemon flowers, Pergularia, raw",Hoa Lỳ,,,,,,,,,,,,,,,,,,,,585,,,,23,95,,,,,,,,,,,,,,,,,,,,,,,,,,,,,,,,,,,,,,,,,,,,,
13.0,STT: 127,Carambola; Star fruit,Khế,71,21,98,,148,50,8,44,77,77,21,37,50,83,44,8,44,50,24,25,0,64,0,16,69,,,,,0.03,0.18,0.02,,,,,,,,,,,,,,,,,,,,,,,,,,,,,,,,,,,,,,
100.0,,,,,,,,,,,,,,,,,,,,,,,4050,,,,39,162,,,,,,,,,1.3,5.4,,2.5,4.3,86.5,260,,4.1,98,,980,598,,15,,,,,,,,,,,0,,0.0,0.0,,,,34,,,,0.0
0.0,129,"Tamarind, leaves",Lá Me,,,,,,,,,,,,,,,,,,,,,,,,46,192,,,,,,,,,,,,,,,,,,,,,,,,,,,,,,,,,,,,,,,,,,,,,
100.0,,Wild plant,Lá Mơ Lông,,,,,,,,,,,,,,,,,,,,330,,,,27,114,,,,,,,,,,,,,,,,,,,,,,,,,,,,,,,,,,,,,,,,,,,,,
0.0,,,,,350,,76,,,150,390,710,340,140,420,,,300,110,227,460,,8280,,,,78,328,,,,,,,,,,,,,,,,,,,,,,,,,,,,,,,,,,,,,,,,,,,,,
24.0,,,,,,,,,,,,,,,,,,,,,,,15,,,,,,,,,,,,,,0.3,1.4,,4.1,1.4,92.8,18,190,0.9,88,,29,486,,9,1.1,,,,,,,,,,0,,0.11,0.09,,,,9,,,,0.6
100.0,,,,,,,,,,,,,,,,,,,,,,,20,,,,157,656,,,,,,,,,4.4,21.5,2.1,36.0,13.0,23.0,100,,5.0,,,200,,,,,,,,,,,,,,0,,0.11,0.14,,,,1,,,,1.3
50.0,,,,107,107,265,27,374,74,35,84,99,108,22,54,121,87,64,22,36,88,9,449,0,710,0,14,59,,,,,0.01,0.09,0.05,,,,,,,,,,,,,,,,,,,,,,,,,,,,,,,,,,,,,,
50.0,,,,124,97,425,22,248,87,42,88,140,134,30,90,219,127,86,27,,106,,12,,,,,,,,,,0.01,0.13,0.07,,0.5,1.4,0.3,4.1,1.7,92.0,22,190,1.0,3,0.26,58,533,0.8,4,1.1,,,,,,,,3.0,7,0,0,0.08,0.08,0.161,0.24,0,1,,1,0,0.6
18.8,,,,,,,,,,,,,,,,,,,,,,,160,,,,17,69,,,,,0.04,0.09,0.02,,0.5,2.8,0.2,0.5,0.9,95.1,28,35,0.8,14,0.09,45,139,0.2,3,0.07,,,,,,,,,7,0,0,0.04,0.06,0.218,0.043,0,8,,,,0.5
20.0,,,,,,,,,,,,,,,,,,,,,,185,190,0,170,0,16,69,,,,,,,,,0.6,2.8,0.2,1.1,0.9,94.4,18,34,0.6,17,0.09,29,296,0.2,5,0.8,,,,,,,,,72,0,0,0.07,0.04,0.212,0.043,0,22,,,,0.3
100.0,,,,,,,,,,,,,,,,,,,,,,,,,,,,,,,,,,,,,0.6,1.8,0.0,1.4,0.8,95.4,30,,0.3,,,22,,,,,,,,,,,,,,0,,,,,,,,,,,
31.0,,"Mugwort, common sagebrush",Ngải Cứu,,,,,,,,,,,,,,,,,,,,,,,,25,104,,,,,,,,,,,,,,,,,,,,,,,,,,,,,,,,,,,,,,,,,,,,,
0.0,,,,,,,,,,,,,,,,,,,,,,,,,,,40,168,,,,,,,,,0.6,7.4,0.2,0.4,2.2,89.2,5,,0.9,,,52,,,,,,,,,,,,,,0,,0.09,0.2,,,,34,,,,0.7
11.0,STT: 141,"Lotus, stem underground",Ngó Sen,54,88,369,22,139,156,38,54,69,94,22,47,136,60,51,20,29,55,,10,,,,61,253,,,,,0.02,0.02,0.03,,,,,,,,,,,,,,,,,,,,,,,,,,,,,,,,,,,,,,
18.0,,,,,,,,,,,,,,,,,,,,,,,,,,,,,,,,,,,,,1.1,2.5,,1.5,4.9,90.0,140,,1.2,,,80,,,,,,,,,,,,,,0,,,,,,,,,,,
18.0,,"Chili pepper, peppers red",Ốt Đỏ,40,48,142,19,130,37,20,32,43,43,12,30,43,40,37,12,20,41,20,1624,490,51,308,23,95,,,,,0.01,0.16,0.06,,,,,,,,,,,,,,,,,,,,,,,,,,,,,,,,,,,,,,
100.0,,,,41,48,143,19,132,37,20,32,52,44,12,31,44,40,37,13,21,42,,120,,,,,,,,,,,,0.03,,0.6,5.5,0.2,1.4,1.3,91.0,86,140,3.6,12,1.1,120,275,0.3,15,0.32,,,,,,,,,26,0,0,0.37,0.51,0.168,0.168,0,250,,,,2.5
100.0,,,,55,21,139,23,178,42,13,42,49,65,17,43,48,39,41,8,24,26,22,198,,,,,,,,,,0.01,0.06,0.06,,0.5,4.5,0.2,1.5,1.3,92.0,6,66,0.8,10,0.12,25,175,0,3,0.13,,1.12,0,1.16,0,0,0.11,2.4,11,0,0,0.04,0.05,0.099,0.224,0,103,,,,0.9
36.0,,,,,,,,,,,,,,,,,,,,,,,,,,,19,79,,,,,,,,,0.3,3.9,0.0,,0.8,95.0,21,,,,,5,,,,,,,,,,,,,,0,,,,,,,,,,,
15.0,,,,,,,,,,,,,,,,,,,,,,,10,,,,27,112,,,,,,,,,1.0,4.8,,2.0,1.9,90.3,130,,0.4,,,46,,,,,,,,,,,,,,0,,0.15,0.05,,,,12,,,,0.4
23.4,,Pumpkin leaves,RAU BÍ,,217,,32,,,50,156,318,200,54,171,,,156,41,156,181,,1940,,,,18,74,,,,,0.05,0.02,0.21,,,,,,,,,,,,,,,,,,,,,,,,,,,,,,,,,,,,,,
100.0,,,,,,,,,,,,,,,,,,,,,,,,,,,198,828,,,,,0.03,0.1,0.06,,11.1,35.8,1.1,20.8,11.2,20.0,378,610,8.8,770,4.3,124,1125,7.4,102,5.8,,,,,,,,2.97,580,0,0,0.01,0.22,3.018,0.303,0,0,,5,24.4,0.2
4.0,,Seaweed fresh,Rau Câu Tươi,,,,,,,,,,,,,,,,,,,,,,,,25,104,,,,,0.0,0.01,0.01,,,,,,,,,,,,,,,,,,,,,,,,,,,,,,,,,,,,,,
100,STT: 151,Lettuce garden,RAU DIẾP,56,71,142,16,182,57,22,84,79,84,16,55,48,39,59,9,32,70,0,4443,0,1730,0,14,57,,,,,0.01,0.08,0.02,,,,,,,,,,,,,,,,,,,,,,,,,,,,,,,,,,,,,,
20.0,"STT: 152, Mã số: 4070",Jute potherb,Rau Đay,256,248,567,40,493,214,110,221,388,219,65,212,246,182,164,30,147,248,,,,,,25,106,,,,,0.02,0.12,0.04,,1.1,3.0,0.3,1.5,2.8,91.4,182,255,7.7,79,0.12,57,417,0.9,16,0.79,,,,,,,,,123,0,0,0.13,0.26,0.072,0.6,0,77,,,,1.1
0.0,,Wild plant,"RAU GIẤP CÁ, DIẾP CÁ",,,,,,,,,,,,,,,,,,,,620,,,,22,94,,,,,,,,,,,,,,,,,,,,,,,,,,,,,,,,,,,,,,,,,,,,,
100.0,,,,139,121,229,29,292,132,52,119,195,127,36,133,121,111,99,31,80,137,,5300,,,,21,87,,,,,0.08,0.15,0.09,,1.6,1.1,0.3,1.6,3.4,92.0,341,162,4.1,55,0.89,76,611,0.9,20,0.9,,,,,,,,,85,0,0,0.36,1.3,0.064,0.192,0,63,,,1140,1.3
38.0,,,,,,,,,,,,,,,,,,,,,,,4080,,,,41,170,,,,,,,,,,,,,,,,,,,,,,,,,,,,,,,,,,,,,,,,,,,,,
14.0,,,,,100,,,,,40,100,170,110,40,120,,,100,,,120,,2855,,,,42,174,,,,,,,,,,,,,,,,,,,,,,,,,,,,,,,,,,,,,,,,,,,,,
20.0,,"Basil sweet leaves, raw",RAU HÚNG,132,117,301,28,277,122,51,104,191,110,36,130,104,99,104,39,77,127,0,3142,46,5650,0,20,85,,,,,0.09,0.39,0.04,,,,,,,,,,,,,,,,,,,,,,,,,,,,,,,,,,,,,,
5.0,,,,,,,47,,,,,,228,86,,,,,35,,,,1830,,,,23,97,,,,,0.01,0.13,0.07,,1.3,2.5,0.3,1.4,2.6,91.9,48,37,2.7,60,0.26,54,498,0.9,19,0.29,,,,,,,,,80,0,0,0.13,0.26,0.225,0.19,0,11,,,,0.9
16.0,159,Sweet marjoram,RAU KINH GIÓI,,,,,,,,,,,,,,,,,,,,4360,,,,22,92,,,,,,,,,,,,,,,,,,,,,,,,,,,,,,,,,,,,,,,,,,,,,
0.0,,Wild Plant,Rau Má Rùng,,,,,,,,,,,,,,,,,,,,260,,,,25,104,,,,,,,,,,,,,,,,,,,,,,,,,,,,,,,,,,,,,,,,,,,,,
0.0,,,,,,,,,,,,,,,,,,,,,,,1300,,,,20,84,,,,,,,,,2.3,1.8,,4.5,3.2,88.2,229,,3.1,,,2,,,,,,,,,,,,,,0,,0.15,0.14,,,,37,,,,1.2
17.0,,,,,,,,,,,,,,,,,,,,,,,1920,,,,,,,,,,,,,,0.9,1.4,,2.5,2.0,93.2,176,20,1.6,94,0.45,34,391,,38,0.54,,,,,,,,,,0,,0.06,0.17,,,,72,,,,0.6
15.0,4081,Coriander,RAU MÙI,,,,,,,,,,,,,,,,,,,36,3930,202,865,0,16,66,,,,,0.28,0.04,0.01,,,,,,,,,,,,,,,,,,,,,,,,,,,,,,,,,,,,,,
20.0,,,,195,122,194,14,249,145,61,118,204,181,42,145,213,136,122,45,82,172,0,5040,0,5561,0,,,,,,,0.3,0.12,0.13,,1.1,2.4,0.8,1.6,2.1,92.0,20,210,2.9,35,0.36,30,237,0.1,39,0.41,,,,,,,,0.85,152,0,0,0.11,0.28,0.4,0.09,0,177,,0.75,1640,1.4
37.5,,"Swamp cabbage, water spinach, water convolvulus",RAU MUỘNG,142,162,240,35,343,134,64,147,223,174,53,129,112,104,122,39,108,161,0,5597,0,11938,0,25,104,,,,,0.01,0.17,0.06,,,,,,,,,,,,,,,,,,,,,,,,,,,,,,,,,,,,,,
0.0,,"Water spinach, dried",RAU MUỖNG KHÔ,,,,,,,,,,,,,,,,,,,,12996,,,,245,1025,,,,,,,,,,,,,,,,,,,,,,,,,,,,,,,,,,,,,,,,,,,,,
29.0,,,,,,,,,,,,,,,,,,,,,,,2325,,,,15,64,,,,,,,,,,,,,,,,,,,,,,,,,,,,,,,,,,,,,,,,,,,,,
23.0,,,,,,,,,,,,,,,,,,,,,,,6650,,,,35,146,,,,,,,,,2.4,3.4,,2.5,5.3,86.4,169,190,2.7,123,2.4,65,457,,25,0.94,,,,,,,,,,0,,0.07,0.39,,,,185,,,,2.2
0.0,,,,,,,,,,,,,,,,,,,,,,,1560,,,,239,1002,,,,,,,,,14.4,21.8,2.6,15.0,32.2,,,,,,,,,,,,,,,,,,,,,0,,,,,,,,,,,
25.0,,Polygonum odoratum,Rau Răm,,,,,,,,,,,,,,,,,,,,,,,,30,126,,,,,,,,,,,,,,,,,,,,,,,,,,,,,,,,,,,,,,,,,,,,,
55.0,,,,,,,,,,,,,,,,,,,,,,,,,,,28,115,,,,,,,,,,,,,,,,,,,,,,,,,,,,,,,,,,,,,,,,,,,,,
100.0,,"Lettuce, garden asparagus",RAU SÀ LÁCH,61,103,120,2,210,43,37,88,145,88,41,117,41,41,94,18,20,124,,1050,,,,17,70,,,,,0.01,0.2,0.06,,,,,,,,,,,,,,,,,,,,,,,,,,,,,,,,,,,,,,
0.0,STT: 173,"Purslane, common",RAU SAM,,,,,,,,,,,,,,,,,,,,160,,,,18,74,,,,,,,,,,,,,,,,,,,,,,,,,,,,,,,,,,,,,,,,,,,,,
40.0,,,,,,,,,,,,,,,,,,,,,,,,,,,,,,,,,,,,,2.2,5.5,,3.4,6.5,82.4,110,,,,,80,,,,,,,,,,,,,,0,,,,,,,114,,,,
0.0,,,,,,,,,,,,,,,,,,,,,,,1700,,,,18,74,,,,,,,,,,,,,,,,,,,,,,,,,,,,,,,,,,,,,,,,,,,,,
25.0,,Mint leaves,RAU THÔM,,,,,,,,,,,,,,,,,,,,3560,,,,18,74,,,,,,,,,,,,,,,,,,,,,,,,,,,,,,,,,,,,,,,,,,,,,
35.0,,"Dracontomelum fruit, unripe, raw",Sầu Xanh,,,,,,,,,,,,,,,,,,,,,,,,19,80,,,,,,,,,,,,,,,,,,,,,,,,,,,,,,,,,,,,,,,,,,,,,
22.4,4096,Kohlrabi,SU HÀO,103,134,126,9,205,57,18,120,90,74,18,46,77,85,64,27,32,55,,22,,,,37,154,,,,,0.01,0.05,0.01,,,,,,,,,,,,,,,,,,,,,,,,,,,,,,,,,,,,,,
0.0,,,,,,,,,,,,,,,,,,,,,,,,,,,261,1092,,,,,,,,,,,,,,,,,,,,,,,,,,,,,,,,,,,,,,,,,,,,,
20.0,4098,"Chayote, fruit raw","SU SU, QUẢ",51,35,92,,125,41,15,44,77,39,1,47,44,47,40,11,32,63,,0,,,,19,78,,,,,0.01,0.06,0.03,,,,,,,,,,,,,,,,,,,,,,,,,,,,,,,,,,,,,,
40.0,,,,192,108,200,36,184,165,46,104,161,134,46,81,124,109,100,35,35,138,0,8,0,33,0,30,126,,,,,0.01,0.1,0.03,,0.8,4.8,0.1,0.9,2.5,90.9,26,140,1.4,22,0.2,51,349,0.6,20,0.2,,,,,,,,2.4,57,0,0,0.11,0.1,0.652,0.222,0,70,,0.08,16,0.6
39.0,,,,156,142,345,34,393,95,59,112,172,158,42,105,127,154,107,39,64,148,0,93,0,42,0,26,109,,,,,0.03,0.13,0.05,,0.9,2.9,0.3,3.2,3.0,89.8,33,41,0.73,20,0.25,62,300,0.6,23,0.64,,,,,,,,3.03,57,0,0,0.08,0.1,0.696,0.222,0,88,,0.04,20.2,0.7
100.0,,,,227,142,343,17,290,169,71,195,159,246,11,65,248,158,68,14,96,154,,2850,,,,28,115,,,,,0.8,0.1,0.06,,1.1,1.8,1.1,5.0,2.6,88.4,200,220,1.2,55,0.55,12,361,,48,0.5,,,,,,,,,150,0,0,0.05,0.12,0.397,0.185,0,63,,,,0.7
100,,"Balm-mint, garden-balm",Tía Tô,,,,,,,,,,,,,,,,,,,,5520,,,,25,105,,,,,,,,,,,,,,,,,,,,,,,,,,,,,,,,,,,,,,,,,,,,,
20.0,4103,Garlic bulbs,Tỏi,132,634,489,65,805,200,113,217,308,273,76,183,100,190,157,66,81,291,0,0,0,26,0,121,504,,,,,0.01,0.25,0.09,,,,,,,,,,,,,,,,,,,,,,,,,,,,,,,,,,,,,,
20.0,,,,,99,,,,,38,74,140,100,35,97,,,82,23,,98,,10,,,,29,122,,,,,,,,,1.2,5.9,,1.5,1.4,90.0,80,,2.0,,,58,,,,,,,,,,,,,,0,,0.06,0.04,,,,20,,,,0.5
50.0,,,,,,,,,,,,,,,,,,,,,,,,,,,114,479,,,,,,,,,2.0,3.6,10.0,4.9,2.5,,140,,,,,30,,,,,,,,,,,,,,0,,,,,,,14,,,,
34.0,,,,,,,,,,,,,,,,,,,,,,,330,,,,37,154,,,,,,,,,1.2,4.4,1.6,4.9,1.2,86.7,136,,,,,9,,,,,,,,,,,,,,0,,0.02,0.11,,,,20,,,,0.4
100,STT: 189,Edible herbaceous plant,Xương Sông,,,,,,,,,,,,,,,,,,,,,,,,15,62,,,,,,,,,,,,,,,,,,,,,,,,,,,,,,,,,,,,,,,,,,,,,
5.0,,"Tomato, pickled",Cà Chuả Muối,,,,,,,,,,,,,,,,,,,,,,,,6,27,,,,,,,,,,,,,,,,,,,,,,,,,,,,,,,,,,,,,,,,,,,,,
5.0,,,,,,,,,,,,,,,,,,,,,,,40,,,,13,55,,,,,,,,,14.0,2.0,,1.7,1.3,81.0,15,,0.8,,,18,,,,,,,,,,,,,,0,,0.05,0.06,,,,,,,,0.7
5.0,,"Eggplant, garden, brinjan; aubergine, pickled",Cà Muối Sối,,,,,,,,,,,,,,,,,,,,,,,,16,67,,,,,,,,,,,,,,,,,,,,,,,,,,,,,,,,,,,,,,,,,,,,,
5.0,,,,,,,,,,,,,,,,,,,,,,,20,,,,18,75,,,,,,,,,3.0,3.3,,1.6,1.2,90.9,51,,0.3,,,34,,,,,,,,,,,,,,0,,0.01,0.06,,,,20,,,,0.3
5.0,,,,,,,,,,,,,,,,,,,,,,,745,,,,17,70,,,,,,,,,3.6,2.4,,2.1,1.8,90.1,100,,3.0,,,21,,,,,,,,,,,,,,0,,0.03,0.12,,,,3,,,,0.5
5.0,,,,,,,,,,,,,,,,,,,,,,,,,,,10,40,,,,,,,,,2.0,1.3,,1.8,1.1,93.8,63,,,,,41,,,,,,,,,,,,,,0,,,,,,,,,,,
5.0,,"Cucumber, pickled",Dưa chuột muối,23,39,46,6,123,25,9,18,26,23,5,15,15,24,18,4,18,24,,100,,,,13,55,,,,,0.08,0.09,0.05,,,,,,,,,,,,,,,,,,,,,,,,,,,,,,,,,,,,,,
0.0,,,,,,,,,,,,,,,,,,,,,,,,,,,39,164,,,,,,,,,2.0,4.8,,2.0,5.0,86.2,22,,1.1,,,33,,,,,,,,,,,,,,0,,,,,,,,,,,
30.0,,,,,,,,,,,,,,,,,,,,,,,18,,,,22,90,,,,,,,,,5.4,4.0,,0.7,1.4,88.5,12,,1.3,,,5,,,,,,,,,,,,,,0,,0.02,0.03,,,,,,,,0.1
,,,,,,,,,,,,,,,,,,,,,,,,,,,,,,,,,,,,,3.3,4.7,,1.2,1.3,89.5,50,,1.2,,,35,,,,,,,,,,,,,,0,,0.05,0.1,,,,12,,,,
0.0,,,,,,,,,,,,,,,,,,,,,,,,,,,16,67,,,,,,,,,8.8,1.5,,2.3,2.5,,204,,9,,,33,,,,,,,,,,,,,,0,,,,,,,,,,,
100.0,,"Brewer's yeast, dried",Men Bia Khô,,,,,,,,,,,,,,,,,,,,,,,,340,1424,,,,,,,,,4.8,25.4,3.2,6.6,52.5,7.5,44,,16.1,,,1291,,,,,,,,,,,,,,0,,2.33,5.44,,,,,,,,36.7
100.0,,"Baker's yeast, fresh",Men bia tươi,994,588,1424,158,1876,655,362,678,1017,949,203,633,633,746,678,226,678,881,,,,,,95,395,,,,,,,,,1.4,4.5,1.3,2.0,16.2,74.6,30,,5.0,,,272,,,,,,,,,,,,,,0,,0.77,1.06,,,,,,,,8.3
100.0,,,,,,,,,,,,,,,,,,,,,,,20,,,,304,1273,,,,,,,,,5.8,65.0,0.2,7.0,10.6,11.4,357,5070,56.1,146,1.15,201,708,133.1,70,7.52,,,,,,,,,160,0,0,0.15,0.55,21.477,0.95,0,1,,,,2.7
10.0,,,,,,,,,,,,,,,,,,,,,,,,,,,274,1146,,,,,,,,,6.5,23.5,4.0,17.0,36.0,13.0,184,,35.0,,,606,,,,,,,,,,,,,,0,,0.16,1.59,,,,,,,,23.4
25.0,,,,,,,,,,,,,,,,,,,,,,,,,,,39,163,,,,,,,,,0.9,3.1,0.5,3.0,5.5,87.0,27,,5.2,,,89,,,,,,,,,,,,,,0,,,,,,,,,,,
100.0,,,,121,112,228,105,342,91,121,95,206,259,62,92,115,100,90,25,90,71,,10,,,,,,,,,,,,,,0.8,3.4,0.3,1.1,4.0,90.4,28,1790,1.3,14,0.1,80,322,13,12,0.3,58,,,,,,,,,0,,0.11,0.16,,,,4,,,,3.3
100.0,,,,,,,,,,,,,,,,,,,,,,,0,,,,57,238,,,,,,,,,0.8,3.4,3.2,1.1,3.6,87.9,28,,1.2,,,80,,,,,,,,,,,,,,0,,0.12,0.33,,,,2,,,,9.1
25.0,,,,199,78,195,12,343,92,57,76,120,107,31,85,76,94,107,35,44,232,,10,,,,34,144,,,,,0.0,0.16,0.05,,0.9,2.2,0.8,3.5,4.6,88.0,2,318,0.7,9,0.05,59,318,9.3,5,0.52,,0.17,0,1.48,0,0,0,1.65,16,0,0,0.25,0.3,1.497,0.104,0,6,1.9,0.01,0,5.2
35.0,,,,,,,,,,,,,,,,,,,,,,0,0,10,0,0,30,126,,,,,,,,,0.4,7.3,0.0,0.7,0.2,91.4,23,120,0.5,6,0.02,18,159,,3,0.16,,,,,,,,,,0,,0.04,0.02,,0.036,,95,,,,0.3
31.1,,,,51,52,114,10,99,83,12,23,22,43,12,30,46,23,12,6,17,31,11,71,116,129,0,,,,,,,0.02,0.03,0.02,,0.5,8.3,0.1,1.4,0.9,88.8,,,,,,,,,,,,,,,,,,9.35,30,0,0,0.08,0.03,0.25,0.06,0,40,,0.18,0,0.2
25.0,,Lemon,CHANH,46,47,106,10,88,74,11,22,19,28,11,27,41,22,11,5,15,28,,,,,,24,102,,,,,0.01,0.09,0.04,,,,,,,,,,,,,,,,,,,,,,,,,,,,,,,,,,,,,,
50.0,,,,,,,,,,,,,,,,,,,,,,,,,,,72,300,,,,,,,,,,,,,,,,,,,,,,,,,,,,,,,,,,,,,,,,,,,,,
0.0,,,,,,,,,,,,,,,,,,,,,,,,,,,292,1222,,,,,,,,,,,,,,,,,,,,,,,,,,,,,,,,,,,,,,,,,,,,,
26.5,,,,42,40,152,8,190,38,80,21,55,44,7,27,36,38,30,14,14,32,25,26,0,22,0,,,,,,,0.03,0.07,0.11,,0.6,12.4,0.3,2.6,0.9,83.2,12,150,0.5,27,0.31,25,286,1,17,0.32,57,4.85,0,4.98,0,0.1,2.39,12.23,20,0,0,0.04,0.07,0.334,0.367,0,6,,0.1,0.5,0.6
35.0,,"Banana, dwarf",Chuối Tiêu,,,,,,,,,,,,,,,,,,,,45,,,,97,404,,,,,,,,,,,,,,,,,,,,,,,,,,,,,,,,,,,,,,,,,,,,,
56.0,,,,,,,,,,,,,,,,,,,,,,,,,,,27,114,,,,,,,,,,,,,,,,,,,,,,,,,,,,,,,,,,,,,,,,,,,,,
15.0,,Strawberry,Dâu tây,42,35,182,7,120,33,16,18,42,33,1,23,26,31,25,9,27,23,,30,,,,43,181,,,,,,,,,,,,,,,,,,,,,,,,,,,,,,,,,,,,,,,,,,,,,
100,,"Musk melon, Spanish melon, Cantaloupe",Dưa Bổ,95,29,136,2,209,26,15,21,29,30,12,23,19,42,17,2,14,33,0,150,98,130,0,,,,,,,0.09,0.11,0.03,,0.5,3.6,0.2,0.7,0.5,94.5,,,,,,,,,,,,1.37,0,1.57,0,0,4.87,7.89,5,0,0,0.04,0.02,0.185,0.025,0,9,,0.77,2.2,0.4
48.0,,Watermelon,Dưa Hấu,17,60,40,2,65,10,6,20,18,64,6,16,25,16,28,7,12,16,0,303,78,8,4.532,16,66,,,,,0.04,0.05,0.02,,,,,,,,,,,,,,,,,,,,,,,,,,,,,,,,,,,,,,
100,,,,44,14,88,5,153,16,5,13,16,18,5,15,12,23,13,5,10,18,0,30,0,27,0,17,72,,,,,0.06,0.06,0.04,,0.5,3.7,0.1,0.4,0.3,95.0,27,24,0.4,10,0.03,12,228,0.7,18,0.09,,2.96,0,2.68,0,0,2.48,8.12,19,0,0,0.02,0.02,0.155,0.088,0,7,,0.02,2.9,0.5
100,STT: 221,Anh,Dưa Lê,,,,,,,,,,,,,,,,,,,,,,,,18,77,,,,,,,,,,,,,,,,,,,,,,,,,,,,,,,,,,,,,,,,,,,,,
40.0,,,,,,,,,,,,,,,,,,,,,,,40,,,,29,122,,,,,,,,,0.4,6.5,,0.8,0.8,91.5,15,320,0.5,22,0.12,17,157,0.5,24,0.25,,,,,,,,,,0,,0.08,0.02,,,,24,,,,0.2
40.0,,,,33,19,121,14,79,24,10,19,24,24,12,21,17,35,19,5,19,24,0,34,0,0,0,38,160,,,,,0.01,0.04,0.01,,,,,,,,,,,,,,,,,,,,,,,,,,,,,,,,,,,,,,
12.0,,,,64,27,148,14,229,25,27,21,46,48,50,29,44,54,44,6,33,64,0,162,67,91,0,31,128,,,,,0.07,0.09,0.02,,,,,,,,,,,,,,,,,,,,,,,,,,,,,,,,,,,,,,
12.4,,,,14,10,49,,33,18,5,8,16,25,2,9,10,15,11,8,5,10,0,276,761,75,0,36,149,,,,,0.04,0.03,0.04,,,,,,,,,,,,,,,,,,,,,,,,,,,,,,,,,,,,,,
19.0,,,,,,,,,,,,,,,,,,,,,,,,,,,16,65,,,,,,,,,0.2,3.2,0.3,2.9,0.4,93.0,12,16,0.5,5,0.03,6,123,,0,0.06,,,,,,,,,,0,0,0.03,0.02,,,,30,,,,0.2
46.0,,,,,,,,,,,,,,,,,,,,,,,,,,,34,144,,,,,,,,,0.8,7.2,,2.4,1.4,88.2,48,,0.4,,,9,,,,,,,,,,,,,,0,,0.02,0.11,,,,24,,,,3.3
8.8,,"Persimmon kaki, soft type, ripe",Hồng Đỏ,22,36,52,14,110,21,13,28,40,32,6,29,19,22,38,11,15,29,,253,1447,834,158,29,119,,,,,0.04,0.04,0.02,,,,,,,,,,,,,,,,,,,,,,,,,,,,,,,,,,,,,,
17.7,,"Persimmon kaki, Hard-type, ripe",Hồng Ngâm,22,36,52,14,110,21,13,28,40,32,6,29,19,22,38,11,15,29,,1615,,,,38,159,,,,,,,,,,,,,,,,,,,,,,,,,,,,,,,,,,,,,,,,,,,,,
10.0,,"Sapodilla, sapota ponderosa",Hồng Xiêm,14,17,32,,38,17,16,15,24,39,3,13,36,18,12,5,14,16,,,,,,48,202,,,,,0.0,0.01,0.19,,,,,,,,,,,,,,,,,,,,,,,,,,,,,,,,,,,,,,
12.0,,Pear,Lê,21,32,210,4,40,12,4,37,50,37,8,46,10,24,42,8,18,37,6,27,,,,45,190,,,,,0.03,0.03,0.01,,,,,,,,,,,,,,,,,,,,,,,,,,,,,,,,,,,,,,
85.0,,,,,,,,,,,,,,,,,,,,,,50,40,,,,70,292,,,,,0.05,0.06,0.04,,,,,,,,,,,,,,,,,,,,,,,,,,,,,,,,,,,,,,
21.0,,,,,,,,,,,,,37,4,,,,,7,,,,,,,,,,,,,,,,0.23,,0.9,10.1,0.6,1.9,1.8,84.7,38,,0.7,18,,14,382,,4,,,,,,,,,,,0,,0.08,0.1,0.135,0.221,,19,,,,0.5
14.0,,,,,,,,,,,,,,,,,,,,,,,,,,,24,99,,,,,,,,,0.3,5.7,,,0.2,93.8,32,,0.6,,,7,,,,,,,,,,,,,,0,,,,,,,2,,,,
15.0,,Japanese plum,Mãn,28,9,352,2,35,9,9,14,15,16,8,14,27,23,10,9,8,16,,98,16,,,20,83,,,,,0.13,0.04,0.02,,,,,,,,,,,,,,,,,,,,,,,,,,,,,,,,,,,,,,
55.0,,,,,,,,,,,,,,,,,,,,,,,180,,,,50,207,,,,,0.04,0.09,0.06,,,,,,,,,,,,,,,,,,,,,,,,,,,,,,,,,,,,,,
0.0,,,,,,,,,,,,,,,,,,,,,,,,,,,280,1170,,,,,,,,,2.6,67.0,,1.5,2.9,26.0,,,,,,,,,,,,,,,,,,,,0,,,,,,,,,,,
55.0,,,,,,,,,,,,,,,,,,,,,,,80,,,,62,259,,,,,,,,,,,,,,,,,,,,,,,,,,,,,,,,,,,,,,,,,,,,,
14.0,,"Apricot, Apricot nectar",Mơ,24,9,148,6,42,12,11,12,20,20,4,11,19,20,14,2,9,15,0,2554,0,0,5,48,199,,,,,0.17,0.08,0.03,,,,,,,,,,,,,,,,,,,,,,,,,,,,,,,,,,,,,,
100.0,,,,110,66,937,19,188,70,47,63,105,83,15,62,821,87,73,16,39,78,0,2163,0,0,0,273,1143,,,,,0.07,0.07,0.02,,,,,,,,,,,,,,,,,,,,,,,,,,,,,,,,,,,,,,
20.0,,,,,,,,,,,,,,,,,,,,,,,1905,,,,67,281,,,,,,,,,,,,,,,,,,,,,,,,,,,,,,,,,,,,,,,,,,,,,
44.4,STT: 242,"Sugarapple, sweetsop",NA,,,,,,,,,,55,7,,,,,10,,,,0,,,,66,276,,,,,0.11,0.04,0.05,,,,,,,,,,,,,,,,,,,,,,,,,,,,,,,,,,,,,,
45.0,,Longan,Nhãn,157,35,126,,209,42,12,26,54,46,13,30,42,48,34,,25,58,,0,,,,48,201,,,,,,,,,,,,,,,,,,,,,,,,,,,,,,,,,,,,,,,,,,,,,
0.0,,,,585,131,469,,780,158,45,97,202,172,49,112,158,180,128,,94,217,,0,,,,285,1194,,,,,,,,,2.6,65.9,0.5,1.7,4.3,25.0,32,807,4.4,46,0.25,117,658,,48,0.22,,,,,,,,,,0,,0.02,0.5,,,,34,,,,1.0
100,STT: 245,"Grape, European, sweet",NHO NGOT,21,37,60,8,104,15,18,4,10,11,17,10,17,24,14,2,9,14,1,39,0,72,0,68,286,,,,,0.01,0.05,0.05,,,,,,,,,,,,,,,,,,,,,,,,,,,,,,,,,,,,,,
13.0,,,,,,,,,,,,,,,,,,,,,,,15,,,,14,59,,,,,,,,,0.5,3.1,,2.4,0.4,93.6,40,160,1.4,15,0.07,21,120,,11,0.17,,,,,,,,,,0,,0.05,0.04,,,,45,,,,0.3
24.0,,Silver berry,NHỐT,,,,,,,,,,,,,,,,,,,,,,,,13,55,,,,,,,,,,,,,,,,,,,,,,,,,,,,,,,,,,,,,,,,,,,,,
5.0,,,,128,,162,,333,128,22,93,171,72,16,6,78,75,96,22,31,87,0,374,0,0,5.204,38,159,,,,,0.4,0.4,0.27,,,,,,,,,,,,,,,,,,,,,,,,,,,,,,,,,,,,,,
27.0,,,,,,,,,,,,,,,,,,,,,,,,,,,74,310,,,,,,,,,,,,,,,,,,,,,,,,,,,,,,,,,,,,,,,,,,,,,
28.0,,"Avocado, green",Quả Bơ Vỏ Xanh,121,99,264,31,321,116,55,94,160,147,42,260,110,128,82,28,54,120,27,53,36,0,0,101,424,,,,,5.51,1.68,1.96,,0.5,2.3,9.4,0.5,1.9,85.4,60,311,1.6,24,0.1,85,351,,2,0.4,,0.25,,2.17,0,0,0,2.42,35,0,0,0.02,0.05,0.931,0.078,0,17,,2.66,,0.7
25.0,,,,,,,,,,,,,,,,,,,,,,,,,,,58,244,,,,,,,,,,,,,,,,,,,,,,,,,,,,,,,,,,,,,,,,,,,,,
,,Dragon's eyes fruit,QUẢ THANH LONG,,,,,,,,,,,,,,,,,,,,,,,,40,167,,,,,,,,,,,,,,,,,,,,,,,,,,,,,,,,,,,,,,,,,,,,,
25.0,,,,,,,,,,,,,,,,,,,,,,,,,,,106,444,,,,,,,,,0.6,21.3,0.4,,4.3,73.4,101,,,,,270,,,,,,,,,,,,,,0,,,,,,,,,,,
4.0,,,,,,,,,,,,,,,,,,,,,,,100,,,,26,107,,,,,,,,,,,,,,,,,,,,,,,,,,,,,,,,,,,,,,,,,,,,,
19.8,"STT: 255, Mã số: 5047",Tangerine; Orange; Mandarin,QUÍT,28,68,129,2,61,19,11,17,28,32,2,18,74,33,16,2,15,21,14,71,485,243,0,39,164,,,,,0.06,0.07,0.04,,,,,,,,,,,,,,,,,,,,,,,,,,,,,,,,,,,,,,
75.0,,,,,,,,,,,,,,,,,,,,,,6,23,0,0,0,132,552,,,,,,,,,0.8,26.9,1.6,1.4,2.5,66.8,20,0,0.9,33,0.33,63,601,,1,0.28,,,,,,,,,36,0,0,0.27,0.29,0.23,0.316,,37,,,,1.2
24.0,,,,,,,,,,,,,,,,,,,,,,,,,,,38,159,,,,,,,,,,,,,,,,,,,,,,,,,,,,,,,,,,,,,,,,,,,,,
14.0,,,,,,,,,,,,,,,,,,,,,,,5,,,,38,160,,,,,,,,,0.5,8.3,0.2,0.7,0.8,89.5,44,73,0.2,10,0.08,25,250,,3,0.05,,,,,,,,,,0,,0.06,0.04,,0.081,,24,,,,0.6
12.0,259,,,27,16,125,8,67,23,12,21,37,36,5,15,19,26,22,6,9,24,0,27,11,29,0,48,199,,,,,0.01,0.05,0.03,,,,,,,,,,,,,,,,,,,,,,,,,,,,,,,,,,,,,,
48.0,,,,,,,,,,,,,41,9,,,,,7,,,,,,,,45,188,,,,,0.12,0.13,0.1,,,,,,,,,,,,,,,,,,,,,,,,,,,,,,,,,,,,,,
44.0,,,,,,,,,,,,,,,,,,,,,,,0,,,,,,,,,,0.33,0.36,0.27,,1.6,57.6,1.9,1.0,3.0,34.9,25,631,4.4,42,0.23,58,1110,1.3,3,0.28,,,,,,,,66.1,12,0,0,0.01,0.57,,0.09,0,183,,0.31,1.6,3.1
22.0,,,,,,,,,,,,,,,,,,,,,,,,,,,42,174,,,,,,,,,,,,,,,,,,,,,,,,,,,,,,,,,,,,,,,,,,,,,
20.0,,,,51,19,42,,60,21,12,18,31,41,5,17,18,22,19,8,10,26,17,445,11,,,,,,,,,0.1,0.05,0.07,,0.6,14.1,0.3,1.8,0.6,82.6,10,150,0.4,9,0.28,13,114,0.6,2,0.56,,,,,,,,14.8,14,0,0,0.05,0.05,0.16,0.134,0,30,,1.12,4.2,0.3
14.0,,,,53,81,126,31,184,60,27,51,66,61,24,44,44,53,47,15,34,57,0,52,0,122,0,56,234,,,,,0.05,0.29,0.03,,,,,,,,,,,,,,,,,,,,,,,,,,,,,,,,,,,,,,
100.0,,,,,,,,,,,,,,,,,,,,,,0,158,0,0,0,756,3161,0,0,0,0,21.02,3.04,51.37,2.982,0.1,0.5,83.5,0.0,0.5,15.4,12,16,0.1,2,0.0,12,24,1,11,0.09,,,,,,,,,3,600,0,0.01,0.04,0.11,0.003,0,0,,2.32,7,0.0
100.0,,,,0,0,0,0,0,0,0,0,0,0,0,0,0,0,0,0,0,0,0,0,0,0,0,897,3754,0,0,0,0,,,,,0.0,0.0,99.7,0.0,0.0,0.3,,,,,,,,,,,,0,0,0,0,0,0,0,,,,,,,,,0,,,,
100.0,,,,,,,,,,,,,,,,,,,,,,0,0,0,0,0,827,3460,,,,0,,,,,,,,,,,,,,,,,,,,,,,,,,,,,,,,,,,,,,,,,
100.0,,,,,,,,,,,,,,,,,,,,,,0,0,0,0,0,896,3751,,,,0,45.1,11.2,39.1,,,,,,,,,,,,,,,,,,,,,,,,,,,,,,,,,,,,,,
100.0,,,,17,18,38,5,104,11,13,30,49,39,12,24,48,27,22,7,24,33,0,610,0,0,0,729,3049,,,,,36.7,25.0,15.0,,0.2,0.1,80.7,0.0,0.5,18.5,17,0,,2,0.0,13,25,0,2,0.02,0,,,,,,,,1,768,0.06,0.01,0.02,0.049,0.005,0,0,,12.8,93,0.0
100.0,STT: 270,"Cottonseed oil, salad or cooking",Dầu Bông,0,0,0,0,0,0,0,0,0,0,0,0,0,0,0,0,0,0,,,,,,900,3766,,,,0,17.8,51.9,25.9,,,,,,,,,,,,,,,,,,,,,,,,,,,,,,,,,,,,,,
0.0,,,,0,0,0,0,0,0,0,0,0,0,0,0,0,0,0,0,0,0,0,0,0,0,0,900,3766,,,,0,39.3,35.0,19.7,,,,,,,,,,,,,,,,,,,,,,,,,,,,,,,,,,,,,,
100.0,,,,0,0,0,0,0,0,0,0,0,0,0,0,0,0,0,0,0,0,0,0,0,0,0,900,3766,,,,0,37.0,9.3,49.3,,,,,,,,,,,,,,,,,,,,,,,,,,,,,,,,,,,,,,
100.0,,,,0,0,0,0,0,0,0,0,0,0,0,0,0,0,0,0,0,0,0,0,0,0,0,900,3766,,,,0,5.8,1.8,86.5,,,,,,,,,,,,,,,,,,,,,,,,,,,,,,,,,,,,,,
100,,,,0,0,0,0,0,0,0,0,0,0,0,0,0,0,0,0,0,0,,,,,,900,3766,,,,0,23.3,57.9,14.4,,,,,,,,,,,,,,,,,,,,,,,,,,,,,,,,,,,,,,
100.0,,,,0,0,0,0,0,0,0,0,0,0,0,0,0,0,0,0,0,0,0,0,0,0,0,900,3766,0,0,0,0,46.2,32.0,16.9,,0.0,0.0,100.0,0.0,0.0,0.0,,,0.03,,,,,,,,0,0,0,0,0,0,0,0,,,,,,,,,,,15.69,0.7,
100.0,,,,0,0,0,0,0,0,0,0,0,0,0,0,0,0,0,0,0,0,0,0,0,0,0,900,3766,0,0,0,0,39.7,41.7,14.2,,0.0,0.0,100.0,0.0,0.0,0.0,,,,,,,,,,,,0,0,0,0,0,0,0,,,,,,,,,,,1.4,13.6,
100.0,,,,0,0,0,0,0,0,0,0,0,0,0,0,0,0,0,0,0,0,0,0,0,0,0,900,3766,0,0,0,0,27.58,54.68,12.95,0.286,0.0,0.0,100.0,0.0,0.0,0.0,,,,,,,,,,,0,0,0,0,0,0,0,0,,,,,,,,,,,14.3,1.9,
100.0,,,,0,0,0,0,0,0,0,0,0,0,0,0,0,0,0,0,0,0,0,0,0,0,0,900,3766,0,0,0,0,72.96,10.52,13.81,,0.0,0.0,100.0,0.0,0.0,0.0,1,,0.56,,,,1,,2,,,0.0,0.0,0.0,0.0,0.0,0.0,0.0,,,,,,,,,,,14.35,60.2,
2.0,,,,1135,1229,1734,158,2648,1009,630,946,1481,1544,473,756,851,788,788,199,662,977,0,0,0,0,0,,,,,,0,3.04,0.51,3.35,,0.7,0.0,7.5,0.0,19.0,72.8,8,110,1.7,24,0.03,188,329,8.5,76,2.55,,,,,,,,,13,0,1.27,0.23,0.25,1.36,0.49,,2,,0.25,4.6,6.2
2.0,,,,1146,1242,1751,159,2675,1019,637,955,1496,1561,478,764,860,796,796,201,669,987,0,0,0,0,0,85,354,0,0,0,0,0.83,0.27,0.78,,1.3,0.0,0.5,0.0,20.0,78.2,8,116,1.7,26,0.03,176,348,8.7,80,2.73,,0,0,0,0,0,0,0,14,0,1.34,0.23,0.25,1.45,0.52,,2,,0.25,,6.2
2.0,,,,1221,1321,179,268,3194,1016,713,1005,1695,1860,564,920,790,842,959,234,752,1047,,,,,,,,,,,0,,,,,1.1,0.0,3.8,0.0,21.0,74.1,,,,,,,,,,,,,,,,,,,,12,,0.1,0.17,,,,1,,,,4.2
2.0,,,,1181,1246,1633,208,2773,1484,580,833,1419,1557,456,770,982,740,809,184,595,889,0,0,0,0,0,167,697,0,0,0,0,,,,,1.0,0.0,10.5,0.0,18.0,70.5,10,,2.7,,,194,,,,,,0,0,0,0,0,0,0,,2,,0.1,0.17,,,,1,,,,4.2
2.0,,,,1403,1492,2102,298,3464,1405,736,1050,1835,1950,601,911,1100,909,922,152,735,1145,0,0,0,0,0,,,,,,0,1.56,0.17,1.43,,1.0,0.0,3.9,0.0,23.1,72.7,23,78,1.63,24,0.01,214,361,31.2,57,4.05,133,,,,,,,,13,0,0.98,0.08,0.12,0.678,0.651,0,0,,0.29,1.2,6.7
2.0,,,,1299,1361,1967,241,3235,1175,737,968,1702,1791,551,841,951,823,940,241,723,1047,0,0,0,0,0,,,0,0,0,0,4.81,0.39,4.29,,0.9,0.0,10.7,0.0,21.5,67.4,5,78,1.78,22,0.01,185,349,17.8,59,3.64,,0,0,0,0,0,0,0,7,0,3.05,0.1,0.15,0.36,0.44,,0,,,,4.5
60.0,,,,1194,1210,1557,320,2378,1491,647,943,1506,1537,552,773,839,878,884,268,789,967,0,0,0,0,0,,,,,,0,9.72,3.07,8.43,,0.8,0.0,30.0,0.0,17.5,51.7,45,437,5.4,22,0.02,217,199,13.3,54,2.2,,,,,,,,,6,73,0.4,0.1,0.28,0.76,0.41,0,5,,,,5.3
2.0,,,,,,,,,,,,,,,,,,,,,,,,,,,338,1413,0,0,0,0,,,,,0.6,0.0,30.4,0.0,16.0,53.0,16,,1.0,,,43,,,,,,0,0,0,0,0,0,0,,,,0.04,0.08,,,,,,,,1.8
2.0,,,,,,,,,,,,,,,,,,,,,,,,,,,230,964,0,0,0,0,,,,,0.6,0.0,17.6,0.0,18.0,63.8,20,,0.7,,,36,,,,,,0,0,0,0,0,0,0,,,,0.04,0.08,,,,0,,,,1.8
2.0,,,,1300,212,454,307,1028,1466,870,933,1395,1580,441,598,2320,794,764,212,598,870,0,0,0,0,0,,,0,0,0,0,9.7,1.52,6.7,,0.8,0.0,17.0,0.0,16.4,65.8,9,160,2.5,27,0.04,177,256,17.8,91,2.9,182,0,0,0,0,0,0,0,,30,,0.17,0.15,,,,3,,,,5.8
2.0,,,,,1512,,245,,,429,1042,1716,1532,552,715,,,981,306,633,1103,0,0,0,0,0,,,0,0,0,0,1.03,0.17,0.71,,0.6,0.0,4.3,0.0,20.7,74.4,11,256,2.0,,0.04,129,385,8.8,82,4.0,,0,0,0,0,0,0,0,5,91,1.13,0.07,0.13,,,0,1,,,,4.9
58.0,,,,,,,,,,,,,,,,,,,,,,0,0,0,0,0,,,,,,0,,,,,1.1,0.0,4.8,0.0,24.4,69.7,14,,0.4,,,263,,,,,,,,,,,,,,,,,,,,,,,,,
52.0,,,,1088,1190,1965,288,2848,797,432,1293,1629,1859,653,717,925,938,787,246,595,972,0,0,0,0,0,199,833,0,0,0,0,6.24,3.23,4.31,,1.0,0.0,13.1,0.0,20.3,65.6,12,48,1.5,29,0.02,200,189,14.4,70,1.5,,0,0,0,0,0,0,0,6,120,0.31,0.15,0.16,0.91,0.35,0,4,,0.3,1.5,8.1
53.0,,,,1042,1088,1622,154,2536,1071,472,746,1267,1356,459,631,829,666,760,198,538,810,,,,,,218,913,0,0,0,0,4.94,3.23,3.66,,1.0,0.0,15.3,0.0,20.1,63.6,24,127,3.2,18,0.02,320,236,26.4,66,2.67,,0,0,0,0,0,0,0,,,,,,,,,,,,,
2.0,,,,,,,,,,,,,,,,,,,,,,0,0,0,0,0,94,393,,,,0,0.67,0.47,0.95,,,,,,,,,,,,,,,,,,,,,,,,,,,,,,,,,,,,,,
100.0,,,,832,911,1249,169,2062,868,509,616,1088,1230,347,547,672,574,610,160,454,737,0,0,0,0,0,,,0,0,0,0,15.93,3.8,12.44,,0.7,0.0,37.3,0.0,14.5,47.5,8,55,0.4,13,0.01,156,253,28.4,42,1.59,,0,0,0,0,0,0,0,4,2,0.61,0.0,0.0,0.526,0.284,0,0,,,,0.0
100.0,,,,990,1010,1607,202,2603,1023,510,940,1190,1440,400,690,821,752,740,230,644,910,0,0,0,0,0,,,0,0,0,0,3.23,0.77,2.47,,1.0,0.0,7.0,0.0,19.0,73.0,7,190,0.96,32,0.01,190,341,23.9,76,2.5,,0,0,0,0,0,0,0,5,2,0.84,0.9,0.18,0.822,0.415,0,1,,,,4.4
100.0,,,,1014,1104,1547,210,2568,999,640,767,1344,1517,432,674,789,705,757,202,567,911,0,0,0,0,0,,,,,,0,9.34,2.24,7.29,,1.1,0.0,21.5,0.0,16.5,60.9,9,63,1.5,19,0.01,178,285,28.7,55,1.91,,,,,,,,,4,10,0.6,0.53,0.16,0.672,0.393,0,2,,,,2.7
52.0,,,,888,948,1330,99,2231,869,395,641,1199,1252,350,618,627,565,651,204,501,699,,,,,,409,1710,0,0,0,0,17.77,3.76,9.78,,0.7,0.0,39.2,0.0,14.0,46.1,13,270,1.8,18,0.02,210,308,14.4,73,1.72,,0,0,0,0,0,0,0,4,17,0.34,0.2,0.19,1.294,0.39,0,4,,,,5.7
,,,,1163,1548,1785,280,2625,925,602,1398,2043,2150,602,819,860,908,839,217,796,1077,0,0,0,0,0,,,,,,,3.2,2.25,3.48,,1.7,0.0,10.0,0.0,21.5,66.8,13,140,3.1,20,0.02,200,291,6,62,4.61,,,,,,,,,8,37,3.1,0.07,0.1,0.6,0.5,0,1,0.3,0.23,0,4.2
45.0,,,,1314,1243,2201,273,3550,1136,568,1207,1456,1811,675,781,1101,1139,1136,337,746,1420,0,0,0,0,0,,,,,,0,1.5,1.08,1.66,,1.2,0.0,8.0,0.0,21.5,69.3,21,145,1.6,19,0.03,224,330,23.7,41,1.57,132,,,,,,,,8,10,7.16,0.08,0.06,0.8,0.5,0,0,,0.4,0,7.6
,,,,1315,1346,2129,274,3496,1183,611,1034,1698,1908,545,895,1065,966,975,288,776,1108,0,0,0,0,0,,,,,,,0.63,0.45,0.69,,1.2,0.0,1.0,0.0,23.5,74.3,17,,4.8,29,,226,378,9.4,50,,,,,,,,,,,,,0.09,0.06,,,,,,,,8.1
100.0,,"Buffalo meat, average",Thịt Trâu,,1278,2034,326,2956,795,675,1023,1755,1610,511,817,780,875,976,249,818,1084,0,0,0,0,0,97,408,0,0,0,0,0.42,0.27,0.46,,1.1,0.9,1.4,0.0,20.4,76.3,12,151,1.61,32,,197,297,9,53,1.93,,,,,,,,,8,,,0.04,0.2,0.16,0.53,0,0,,,,6.0
2.0,,,,,,,,,,,,,,,,,,,,,,0,0,0,0,0,,,,,,0,,,,,0.9,0.0,3.0,0.0,21.9,74.2,30,,,,,150,,,,,,,,,,,,,,,,,,,,,,,,,
2.0,,,,,,,,,,,,,,,,,,,,,,0,0,0,0,0,,,,,,0,,,,,1.1,0.0,3.1,0.0,20.9,74.9,20,,,,,160,,,,,,,,,,,,,,,,,,,,,,,,,
2.0,,,,,,,,,,,,,,,,,,,,,,0,0,0,0,0,112,468,,,,0,,,,,,,,,,,,,,,,,,,,,,,,,,,,,,,,,,,,,,,,,
2.0,,,,,,,,,,,,,,,,,,,,,,0,0,0,0,0,121,506,0,0,0,0,,,,,0.9,0.0,3.3,0.0,22.8,73.0,26,,3.3,,,165,,,,,,0,0,0,0,0,0,0,,5,,0.06,0.16,,,,,,,,3.5
55.0,,,,777,770,1102,180,1709,928,283,537,900,912,291,459,686,488,471,144,395,573,0,0,0,0,0,267,1119,,,,0,10.36,2.815,7.33,,0.9,0.0,21.8,0.0,17.8,,13,236,1.8,15,0.02,145,209,12.4,63,1.36,138,0,0,0,0,0,0,0,13,270,0.25,0.07,0.15,0.951,0.19,0,3,,0.7,5.5,4.7
70,,,,824,971,1183,286,2241,1106,446,1011,1514,1138,451,809,779,732,667,172,575,919,0,0,0,0,0.02,67,282,,,,0,0.59,0.55,0.87,0.1,,,,,,,,,,,,,,,,,,,,,,,,,,,,,,,,,,,,,
2.0,,,,861,913,1434,235,2008,965,574,678,1728,1330,339,548,913,782,704,209,522,913,,,,,,81,339,0,0,0,0,1.07,0.26,1.04,,1.1,0.3,3.1,0.0,13.0,82.5,8,445,8.0,17,0.1,223,390,190,121,2.75,,0,0,0,0,0,0,0,42,150,8.49,0.38,1.12,3.13,0.44,0,5,,,,4.8
100,,,,,,,,,,,,,,,,,,,,,,0,0,0,0,0,118,492,,,,0,,,,,,,,,,,,,,,,,,,,,,,,,,,,,,,,,,,,,,,,,
38.0,,,,1032,1120,1584,216,2636,992,659,787,1376,1550,444,689,790,720,776,208,583,931,0,0,0,0,0,,,,,,0,8.38,2.01,6.54,,1.0,0.0,18.6,0.0,15.7,64.7,24,65,2.1,20,0.02,106,315,29.4,47,1.93,160,,,,,,,,7,30,0.63,0.01,0.07,0.685,0.401,0,1,,,,1.6
5.0,,,,784,821,989,149,1754,1213,336,467,784,933,280,448,989,579,504,149,336,579,0,0,0,0,0,,,0,0,0,0,1.53,0.18,1.29,0.15,0.5,0.0,4.2,0.0,14.8,80.5,150,70,0.9,13,0.09,85,67,12.5,97,1.42,,0,0,0,0,0,0,0,5,0,1.39,0.04,0.2,0.227,0.014,0,0,,0.09,0,3.6
2.0,,,,,,,,,,,,,,,,,,,,,,0,0,0,0,0,85,354,0,0,0,0,3.59,0.89,4.03,0.13,0.8,0.0,2.9,0.0,14.6,81.7,8,169,1.4,11,0.04,144,140,31.1,75,1.85,,0,0,0,0,0,0,0,3,0,0.3,0.05,0.18,1.22,0.034,0,0,,0.04,0,2.5
68.0,,,,,,,,,,,,,,,,,,,,,,0,0,0,0,0,185,774,0,0,0,0,,,,,0.7,0.0,12.5,0.0,18.1,68.7,,,,,,,,,,,,0,0,0,0,0,0,0,,,,,,,,,,,,,
68.0,,,,,,,,,,,,,,,,,,,,,,,,,,,335,1403,0,0,0,0,,,,,0.7,0.0,31.3,0.0,13.4,54.6,,,,,,,,,,,,0,0,0,0,0,0,0,,,,,,,,,,,,,
46.0,,,,,,,,,,,,,,,,,,,,,,0,0,0,0,0,,,0,0,0,0,,,,,0.8,0.0,6.5,0.0,19.7,73.0,7,,2.5,,,162,,,,,,0,0,0,0,0,0,0,,,,0.03,0.03,,,,,,,,5.4
30.0,,"Hog, tail",ĐUỐI LỘN,778,723,842,140,1296,1437,184,248,551,616,195,291,918,421,335,54,195,313,0,0,0,0,0,,,0,0,0,0,15.8,3.68,11.64,,,,,,,,,,,,,,,,,,,,,,,,,,5,0,0.88,0.21,0.11,0.673,0.37,0,0,,,,2.1
0.0,317,,,1097,1283,1742,243,2675,1180,562,1119,1818,1523,641,1122,948,793,754,280,690,1388,232,621,11,0,13,109,458,0,0,0,0,0.48,0.47,1.23,0.17,1.3,3.0,3.1,0.0,17.4,75.2,5,1500,9.0,13,0.3,340,213,39.7,110,4.0,,,,,,,,,290,5000,59.3,0.4,3.0,7.713,1.083,0,30,0.4,0.38,3.1,17.0
0.0,318,,,940,960,1437,213,2417,798,338,1295,1633,1244,463,764,747,710,676,179,534,889,11,56,11,0,40,111,466,,,,0,1.25,0.82,1.56,0.065,1.4,2.0,3.4,0.0,18.2,75.0,21,300,8.2,17,0.2,260,335,54.6,71,2.67,243,,,,,,,,588,3290,16.58,0.38,1.63,6.233,0.853,0,7,,0.7,0,10.4
100.0,,,,1223,1080,1992,236,2622,1160,490,1020,1580,1260,600,1150,986,1005,900,340,709,1170,,,,0,,116,484,,,,0,0.52,0.87,1.17,,1.5,2.0,3.6,0.0,18.8,74.1,7,510,12.0,17,0.3,353,447,52.7,110,5.76,515,,,,,,,,211,6000,26,0.4,2.11,6.65,0.69,0,18,,,,16.2
100.0,,,,1088,1148,1781,252,2428,1088,498,995,1691,1418,444,932,929,806,833,264,660,1181,,,,,,122,510,0,0,0,0,0.71,0.63,1.14,,1.3,2.8,4.7,0.0,17.1,74.1,17,5962,4.8,24,0.26,177,230,67,140,3.07,,,,,,,,,738,11984,54,0.44,1.28,6.184,0.76,0,7,,,,9.1
100.0,,,Gân Chân Bò,,,,,,,,,,,,,,,,,,,,,,,,124,517,0,0,0,0,,,,,0.3,0.0,0.3,0.0,30.2,69.2,,,,,,,,,,,,0,0,0,0,0,0,,,,,,,,,,,,,,
80,,,,858,949,1361,195,2053,894,386,641,1113,1149,315,615,696,601,648,114,482,713,0,0,0,0,0,164,687,0,0,0,0,7.24,0.9,7.0,,0.9,0.2,12.1,0.0,13.6,73.2,7,170,3.0,16,0.03,162,315,9.4,69,2.87,,,,,,,,,7,0,3.79,0.07,0.15,0.653,0.31,0,3,,,,4.8
100,,,,861,1007,1515,235,2052,1205,409,743,1307,1333,365,675,861,678,689,188,496,848,0,0,0,0,0,178,743,0,0,0,0,8.13,1.78,5.96,,0.8,1.4,12.8,0.0,14.2,70.8,7,70,2.4,18,0.01,118,243,10.4,110,3.01,,0,0,0,0,0,0,0,4,0,2.84,0.08,0.23,0.641,0.24,0,4,,,,3.0
2.0,,,,,,,,,,,,,,,,,,,,,,,,,,,167,697,0,0,0,0,,,,,0.6,0.8,15.1,0.0,6.9,76.6,12,,0.5,,,55,,,,,,,,,,,,,,,,0.09,0.08,,,,,,,,1.6
2.0,,,,,,,,,,,,,,,,,,,,,,,,,,,44,183,0,0,0,0,,,,,0.2,0.8,1.3,0.0,7.2,90.5,7,,0.8,,,48,,,,,,,,,,,,,,,,0.09,0.08,,,,,,,,1.6
4.0,,,,730,1300,1700,240,3100,960,380,840,1300,1300,470,760,930,820,840,180,550,820,0,0,0,0,0,99,415,,,,0,0.51,0.36,0.53,0.06,,,,,,,,,,,,,,,,,,,,,,,,,,,,,,,,,,,,,
80,,Brain beef,Óc Bò,,784,,132,,,320,965,888,839,482,703,,,678,,516,592,0,88,0,0,0,124,517,,,,0,1.89,1.59,2.3,0.61,,,,,,,,,,,,,,,,,,,,,,,,,,,,,,,,,,,,,
80.0,,,,,712,1028,165,1202,493,245,605,771,748,354,704,,,385,132,316,531,0,0,0,0,0,123,515,0,0,0,0,1.66,1.43,2.08,,1.0,0.4,9.5,0.0,9.0,80.1,7,240,1.6,14,0.09,311,258,15.9,120,1.27,,,,,,,,,6,0,2.19,0.14,0.19,2.8,0.19,0,14,,,,2.8
80.0,,,,1001,880,977,120,1726,734,393,754,1008,1137,406,526,1659,816,575,148,385,731,0,0,0,0,0,,,0,0,0,0,0.64,0.34,0.86,,1.0,0.0,4.7,0.0,15.2,79.1,10,260,6.7,14,0.02,195,340,44.3,198,1.61,,,,,,,,,11,14,3.81,0.1,0.14,1,0.04,0,39,,,,1.1
8.0,,,,890,1189,1266,141,1464,1027,468,1119,1210,1389,541,653,901,621,599,124,447,872,0,0,0,0,0,,,,,,0,0.61,0.34,0.96,,1.0,0.0,3.6,0.0,14.8,80.6,9,83,6.4,14,0.02,230,303,17.8,153,2.03,,,,,,,,,3,0,2.75,0.02,0.14,0.9,0.1,0,12,,,,0.6
57.0,,"Pork, ribs",Sườn Lợn,1050,1050,1560,120,2290,910,650,850,1270,1560,420,650,250,680,740,190,590,930,0,0,0,0,0,187,782,0,0,0,0,7.45,1.97,6.45,0.08,1.1,0.0,12.8,0.0,17.9,68.2,7,100,0.61,14,0.01,160,200,6.9,60,3.6,,0,0,0,0,0,0,0,2,0,0.7,0.96,0.23,0.6,0.26,0,0,0.69,0.1,0,5.2
100,332,Hog ears,Tai Lơn,2220,1861,1660,200,2805,4400,269,492,1167,1052,133,718,2848,941,629,43,402,830,0,0,0,0,0,126,528,0,0,0,0,1.86,0.44,1.46,,0.7,1.3,4.1,0.0,21.0,72.9,21,6,2.4,7,0.12,41,55,4.3,191,0.19,,,,,,,,,0,0,0.07,0.08,0.11,0.068,0.02,0,0,,,,0.8
80.0,,,,805,911,1323,182,1410,662,412,1067,1336,1431,506,628,605,633,626,145,499,750,0,0,0,0,0.017,,,0,0,0,0,1.14,0.55,1.38,0.18,1.0,0.6,3.0,0.0,15.0,80.4,5,396,5.4,21,0.04,185,287,21.8,98,1.7,,,,,,,,,3,6,8.55,0.31,0.49,1.79,0.279,0,7,,0.22,0,6.8
100.0,,,,980,997,1512,211,2308,863,408,833,1355,1303,376,696,793,627,704,199,557,880,0,0,0,0,0,114,475,,,,0,1.4,1.8,1.57,,,0.0,5.5,,16.0,77.5,12,346,5.96,15,0.09,177,176,4.3,74,6.59,,,,,,,,,72,9,7.29,0.15,0.73,2.559,0.36,0,3,,,,4.9
6.0,335,Hog heart,Tim Lòng,1100,1049,1760,170,2488,914,422,846,1490,1371,406,762,811,762,762,222,627,965,0,0,0,0,0,94,393,0,0,0,0,1.02,1.12,1.16,,1.0,1.2,3.2,0.0,15.1,79.5,7,408,5.9,19,0.06,213,294,10.4,56,2.8,,,,,,,,,4,8,3.79,0.34,0.49,2.515,0.39,0,1,,,,5.7
0.0,,,,,1246,,1735,,,1932,403,2800,3269,781,1438,,,1281,,774,2125,0,0,0,0,0,75,315,,,,0,,,,,,,,,,,,,,,,,,,,,,,,,,,,,,,,,,,,,,,,,
0.0,,"Hog blood, boiled",TIẾT LỘN LUỘC,,,,,,,,,,,,,,,,,,,0,0,0,0,0,44,183,,,,0,,,,,,,,,,,,,,,,,,,,,,,,,,,,,,,,,,,,,,,,,
0.0,,,,,383,,50,,,593,173,473,800,134,410,,,268,,716,608,0,0,0,0,0,25,103,0,0,0,0,,,,,2.1,0.2,0.1,0.0,5.7,91.9,7,,20.4,,,7,,,,,,,,,,,,,,26,,,0.1,,,,,,,,0.6
0.0,,Beef bone marrow,Tủy xương bò,,,,,,,,,,,,,,,,,,,0,0,0,0,0,814,3404,,,,0,,,,,,,,,,,,,,,,,,,,,,,,,,,,,,,,,,,,,,,,,
0.0,,,,,,,,,,,,,,,,,,,,,,0,0,0,0,0,749,3134,,,,0,,,,,,,,,,,,,,,,,,,,,,,,,,,,,,,,,,,,,,,,,
0.0,,,,,,,,,,,,,,,,,,,,,,0,0,0,0,0,326,1365,,,,0,,,,,,,,,,,,,,,,,,,,,,,,,,,,,,,,,,,,,,,,,
0.0,,,,,,,,,,,,,,,,,,,,,,,,,,,517,2164,0,0,0,0,,,,,1.1,5.1,50.4,0.0,10.8,32.6,20,,,,,100,,,,,,,,,,,,,,,,,,,,,0,,,,
100.0,,"Pork, cinnamon mince grilled",Chả Quế Lợn,,,,,,,,,,,,,,,,,,,,,,,,416,1740,0,0,0,0,,,,,2.3,0.0,39.0,0.0,16.2,42.5,16,,2.1,,,45,,,,,,0,0,0,0,0,0,0,,,,,,,,,0,,,,
100.0,,"Ham, pork",Dăm Bông Lợn,1265,1465,2054,258,3326,1311,759,1178,1737,1864,621,961,1049,961,1129,313,826,1194,0,0,0,0,0,318,1331,0,0,0,0,,,,,3.0,0.3,25.0,0.0,23.0,48.7,10,,2.1,,,110,,,,,,,,,,,,,,,,0.4,0.19,,,,0,,,,3.8
0.0,,,,,,,,,,,,,,,,,,,,,,,,,,,114,475,0,0,0,0,,,,,1.6,0.0,7.1,0.0,12.4,78.9,28,,,,,23,,,,,,0.0,0.0,0.0,0.0,0.0,0.0,0.0,,,,,,,,,0,,,,
100.0,,Beef dumpling,Giò Bò,,,,,,,,,,,,,,,,,,,0,0,0,0,0,357,1492,0,0,0,0,,,,,3.9,0.0,33.5,0.0,13.8,48.8,18,,3.2,,,12,,,,,,0,0,0,0,0,0,0,,,,,,,,,0,,,,
0.0,,,,,,,,,,,,,,,,,,,,,,0,0,0,0,0,136,567,,,,0,,,,,,,,,,,,,,,,,,,,,,,,,,,,,,,,,,,,,,,,,
100.0,,,,,,,,,,,,,,,,,,,,,,0,0,0,0,0,553,2312,0,0,0,0,,,,,,0.0,54.3,,16.0,,,,,,,,,,,,,,,,,,,,,,,,,,,,0,,,,
100.0,,Chinese sausage,Lạp Xưởng,,,,,,,,,,,,,,,,,,,,,,,,585,2448,0,0,0,0,,,,,3.7,1.7,55.0,0.0,20.8,18.8,52,,3.0,,,175,,,,,,,,,,,,,,,,0.46,0.24,,,,0,,,,4.7
100.0,,NEM CHAO,NEM CHAO,,,,,,,,,,,,,,,,,,,0,0,0,0,0,153,638,,,,0,,,,,,,,,,,,,,,,,,,,,,,,,,,,,,,,,,,,,,,,,
0.0,,,,,,,,,,,,,,,,,,,,,,0,0,0,0,0,137,574,,,,0,,,,,2.3,4.3,3.7,0.0,21.7,,24,,,,,78,,,,,,,,,,,,,,,,,,,,,0,,,,
100.0,,,,,,,,,,,,,,,,,,,,,,0,0,0,0,0,369,1544,0,0,0,0,,,,,7.3,0.0,20.3,0.0,46.6,25.8,29,,0.3,,,16,,,,,,0,0,0,0,0,0,0,,,,,,,,,0,,,,
100.0,,,,,,,,,,,,,,,,,,,,,,,,,,,239,1001,0,0,0,0,,,,,9.8,5.2,1.6,0.0,51.0,32.4,31,,8.1,,,476,,,,,,,,,,,,,,,,0.13,0.19,,,,0,,,,30.3
100.0,,,,,,,,,,,,,,,,,,,,,,0,0,0,0,0,226,945,0,0,0,0,,,,,10.5,0.0,2.7,0.0,50.4,36.4,,,,,,,,,,,,0,0,0,0,0,0,0,,,,,,,,,0,,,,
2.0,,Pork sausage,Xúc Xích,,,,,,,,,,,,,,,,,,,,,,,,535,2240,0,0,0,0,,,,,8.4,0.0,47.4,0.0,27.2,17.0,7,,1.9,,,139,,,,,,0,0,0,0,0,0,0,,,,0.34,,,,,0,,,,
100.0,,,,,,,,,,,,,,,,,,,,,,0,0,0,0,0,342,1432,,,,0,,,,,,,,,,,,,,,,,,,,,,,,,,,,,,,,,,,,,,,,,
20.0,,,,,,,,,,,,,,,,,,,,,,0,0,0,0,0,130,542,0,0,0,0,,,,,1.0,0.0,3.6,0.0,24.3,71.1,210,,0.4,,,270,,,,,,0,0,0,0,0,0,0,,,,,,,,,0,,,,
100.0,,,,,,,,,,,,,,,,,,,,,,0,0,0,0,0,90,376,0,0,0,0,0.1,0.1,0.08,,3.9,0.0,1.1,0.0,20.0,75.0,18,250,1.5,20,,147,285,14.1,58,1.0,,0,0,0,0,0,0,0,15,15,0.4,0.14,0.25,,0.12,0,0,,1,0.1,1.2
2.0,359,Silk worm,NHỜNG,,,,,,,,,,,,,,,,,,,0,0,0,0,0,111,462,,,,0,,,,,,,,,,,,,,,,,,,,,,,,,,,,,,,,,,,,,,,,,
100,,,,877,1194,1675,238,2712,985,417,897,1430,1305,447,810,910,782,811,204,587,955,0,0,0,0,0,119,498,,,,0,1.12,1.09,1.36,,,,,,,,,,,,,,,,,,,,,,,,,,,,,,,,,,,,,,
45.0,,"Goby, gudgeon",Cá Bống,1067,957,2243,260,2781,777,419,897,1555,1944,598,718,718,718,927,176,718,987,,,,,,70,295,0,0,0,0,,,,,1.5,0.0,0.8,0.0,15.8,81.9,17,,0.9,,,181,,,,,,0,0,0,0,0,0,0,,,,,,,,,,,,,
31.0,,,,,,,,,,,,,,,,,,,,,,0,0,0,0,0,113,472,,,,0,,,,,,0.0,3.6,,20.1,,63,,0.2,,,176,,,,,,,,,,,,,,,,,,,,,0,,,,
40.0,,Carp,Cá Chép,975,927,1505,177,2255,975,335,822,1249,1249,476,566,945,847,686,200,532,1085,0,0,0,0,0,96,403,,,,0,2.24,1.43,1.08,,,,,,,,,,,,,,,,,,,,,,,,,,,,,,,,,,,,,,
,,,,,,,,,,,,,,,,,,,,,,,,,,,115,483,0,0,0,0,,,,,1.8,0.0,5.0,0.0,17.6,75.6,64,,,,,70,,,,,,0,0,0,0,0,0,0,,,,,,,,,0,,,,
100.0,,,,,,,,,,,,,,,,,,,,,,,,,,,96,403,0,0,0,0,,,,,3.7,0.0,2.3,0.0,18.9,75.1,527,,,,,885,,,,,,0,0,0,0,0,0,0,,,,,,,,,0,,,,
45.0,,,,,,,,,,,,,,,,,,,,,,0,0,0,0,0,87,364,,,,0,,,,,,,,,,,,,,,,,,,,,,,,,,,,,,,,,,,,,,,,,
,,,,,,,,,,,,,,,,,,,,,,0,0,0,0,0,94,393,,,,0,,,,,,,,,,,,,,,,,,,,,,,,,,,,,,,,,,,,,,,,,
,,,,,,,,,,,,,,,,,,,,,,0,0,0,0,0,83,347,0,0,0,0,,,,,1.6,0.0,0.9,0.0,18.7,78.8,80,,,,,130,,,,,,0,0,0,0,0,0,0,,,,,,,,,0,,,,
42.0,,,,1170,1158,1981,207,1889,929,570,892,1573,1777,573,755,684,789,848,217,653,997,0,0,0,0,0,,,0,0,0,0,1.08,0.72,1.12,,1.2,0.0,3.3,0.0,19.5,76.0,21,51,1.0,29,0.02,224,357,36.5,65,0.52,,0,0,0,0,0,0,0,9,45,0.22,0.07,0.15,0.76,0.425,0,0,,1,0.1,4.6
,,,,,,,,,,,,,,,,,,,,,,,,,,,98,412,0,0,0,0,,,,,1.5,0.0,2.0,0.0,20.1,76.4,90,,,,,100,,,,,,0,0,0,0,0,0,0,,,,,,,,,0,,,,
40.0,,,,1307,1294,2214,232,3227,1038,636,996,1757,1985,640,844,764,882,948,242,730,1114,0,0,0,0,0,136,568,,,,0,2.13,1.99,1.26,,,0.0,5.3,,22.0,71.3,13,51,1.1,31,0.01,230,423,36.5,46,0.41,170,,,,,,,,9,30,4.17,0.22,0.07,0.823,0.549,0,0,,0.65,0.1,7.0
15.0,,,,,,,,,,,,,,,,,,,,,,0,0,0,0,0,208,872,0,0,0,0,,,,,15.0,0.0,3.9,0.0,43.3,,120,,0.9,,,95,,,,,,0,0,0,0,0,0,0,,,,0.08,0.31,,,,0,,,,4.6
,STT: 373,Catfish,Cá Lạc,,,,,,,,,,,,,,,,,,,0,0,0,0,0,71,298,0,0,0,0,,,,,,,,,,,,,,,,,,,,,,,,,,,,,,,,,,,,,,,,,
36.0,,,,,,,,,,,,,,,,,,,,,,0,0,0,0,0,144,600,,,,0,,,,,,,,,,,,,,,,,,,,,,,,,,,,,,,,,,,,,,,,,
45.0,,,,1443,1182,2093,198,2742,1119,415,1073,1687,2057,577,821,767,992,1010,216,731,1308,,,,,,124,519,0,0,0,0,,,,,1.2,0.0,6.0,0.0,17.5,75.3,80,170,3.0,24,,240,,58,100,,,0,0,0,0,0,0,0,,20,0.14,0.02,0.15,,0.96,,0,,,,10.1
100,,,,,,,,,,,,,,,,,,,,,,0,0,0,0,0,151,631,,,,0,,,,,,,,,,,,,,,,,,,,,,,,,,,,,,,,,,,,,,,,,
,377,Anchovy,Cá Mồi,,,,,,,,,,,,,,,,,,,0,0,0,0,0,116,487,,,,0,,,,,,,,,,,,,,,,,,,,,,,,,,,,,,,,,,,,,,,,,
39.0,,,,,930,,,,,420,1100,1260,1420,470,610,,,750,230,,910,,,,,,80,334,0,0,0,0,,,,,1.4,0.0,1.1,0.0,17.5,80.0,42,,1.4,,,173,,,,,,0,0,0,0,0,0,0,,,,0.06,0.08,,,,0,,,,2.2
42.0,,,,1414,1399,2394,251,3489,1122,688,1077,1900,2147,692,913,827,954,1025,262,789,1204,0,0,0,0,0,87,363,0,0,0,0,0.15,0.28,0.24,,1.2,0.0,0.3,0.0,21.0,77.5,44,64,1.0,50,0.01,206,518,36.5,78,0.52,,0,0,0,0,0,0,0,2,5,0.52,0.02,0.08,0.75,0.9,0,1,,0.5,0.1,4.0
100,,,,1231,1217,2084,218,3038,977,599,938,1654,1869,602,794,720,830,892,228,687,1048,0,0,0,0,0,111,462,0,0,0,0,1.18,1.64,1.28,,1.6,0.0,3.3,0.0,20.2,74.9,85,211,3.25,41,0.07,160,383,36.5,104,1.72,,0,0,0,0,0,0,0,9,15,0.62,0.06,0.26,0.645,0.143,0,0,,0.57,0.1,14.0
,,,,,,,,,,,,,,,,,,,,,,0,0,0,0,0,,,,,,,,,,,1.4,0.0,4.5,0.0,15.9,78.2,40,,,,,50,,,,,,0,0,0,0,0,0,0,,,,,,,,,0,,,,
40.0,,,,,,,,,,,,,,,,,,,,,,0,0,0,0,0,97,406,,,,0,,,,,,,,,,,,,,,,,,,,,,,,,,,,,,,,,,,,,,,,,
44.0,383,Anabas,Cá Rô Đông,,,,,,,,,,,,,,,,,,,0,0,0,0,0,126,527,0,0,0,0,,,,,,,,,,,,,,,,,,,,,,,,,,,,,,,,,,,,,,,,,
43.0,,,,,,,,,,,,,,,,,,,,,,0,0,0,0,0,100,416,,,,0,,,,,,,,,,,,,,,,,,,,,,,,,,,,,,,,,,,,,,,,,
,385,,,,,,,,,,,,,,,,,,,,,0,0,0,0,0,73,306,,,,0,,,,,,,,,,,,,,,,,,,,,,,,,,,,,,,,,,,,,,,,,
35.0,,,,1100,1000,1700,140,2200,840,840,900,1400,1600,520,730,610,730,790,190,640,1100,0,0,0,0,0,166,692,0,0,0,0,4.05,2.48,2.42,,1.3,0.0,10.3,0.0,18.2,70.2,50,200,1.3,35,,90,486,,110,,,0,0,0,0,0,0,0,,10,,0.07,0.17,,,,0,,,,6.6
30.0,387,Anhui Catfish,Cá Thu Đao,1214,1201,2055,215,2996,963,591,925,1631,1843,594,783,710,819,880,225,678,1034,0,0,0,0,0,156,651,0,0,0,0,2.63,1.94,2.25,,1.3,0.0,8.4,0.0,20.0,70.3,22,93,3.0,28,0.02,190,406,36.5,86,0.67,,0,0,0,0,0,0,0,2,35,4.4,0.05,0.1,0.316,0.33,0,0,,1,0.1,6.0
26.0,,,,,,,,,,,,,,,,,,,,,,0,0,0,0,0,110,462,,,,0,,,,,,,,,,,,,,,,,,,,,,,,,,,,,,,,,,,,,,,,,
35.0,389,"Carp, amur",Cá Trầm Cò,,,,,,,,,,,,,,,,,,,0,0,0,0,0,91,382,,,,0,,,,,,,,,,,,,,,,,,,,,,,,,,,,,,,,,,,,,,,,,
40.0,,,,941,931,1593,167,2322,747,458,717,1264,1429,460,607,550,635,682,174,525,801,0,0,0,0,0,173,724,0,0,0,0,3.59,1.57,1.77,,1.2,0.0,11.9,0.0,16.5,70.4,20,101,1.0,23,0.02,210,299,12.6,53,0.74,,0,0,0,0,0,0,0,10,93,2.47,0.1,0.04,0.6,0.188,0,0,,1.2,0.1,1.4
35.0,,,,991,981,1679,176,2447,787,483,755,1332,1506,485,640,580,669,719,184,553,845,,,,,,166,695,0,0,0,0,6.87,2.42,3.26,,1.2,0.0,10.6,0.0,17.7,70.5,64,300,2.8,32,0.02,174,423,36.5,160,0.53,,0,0,0,0,0,0,0,5,20,10,0.02,0.18,1,0.45,0,0,,,,5.0
27.6,,"Major carp, mud carp; cirrhinus molitorella",Cá Trôi,,,,,,,,,,,,,,,,,,,0,0,0,0,0,127,529,,,,0,,,,,,,,,,,,,,,,,,,,,,,,,,,,,,,,,,,,,,,,,
40.0,,,,982,1084,2054,283,2780,811,407,800,1540,1526,517,820,773,839,888,278,806,853,0,0,0,0,0,103,433,,,,0,0.08,0.13,0.09,,,,,,,,,,,,,,,,,,,,,,,,,,,,,,,,,,,,,,
69.0,,,,,,,,,,,,,,,,,,,,,,0,0,0,0,0,87,364,,,,0,,,,,,,,,,,,,,,,,,,,,,,,,,,,,,,,,,,,,,,,,
68.0,,,,,,,,,,,,,,,,,,,,,,,,,,,54,226,0,0,0,0,0.19,0.39,0.22,,1.9,0.0,0.7,0.0,11.9,85.5,89,669,0.74,34,0.15,229,329,37.4,293,3.54,,0,0,0,0,0,0,0,44,2,9,0.03,0.71,0.35,0.15,0,0,,,,2.7
0.0,,,,1460,1325,2040,305,3060,3195,210,715,1090,885,335,510,1530,1020,1090,125,545,920,0,0,0,0,0,90,374,,,,0,,,,,,,,,,,,,,,,,,,,,,,,,,,,,,,,,,,,,,,,,
82.0,,,,266,467,438,59,618,244,45,194,309,330,108,194,179,201,165,42,151,151,0,0,0,0,0,45,187,0,0,0,0,,,,,0.9,5.1,0.7,0.0,4.5,88.8,144,,1.6,,,86,,,,,,,,,,,,,,,,,0.12,,,,0,,,,2.3
35.0,,,,922,1190,170,158,2840,815,495,1360,1320,1040,700,1260,658,957,1340,30,672,1140,0,0,0,0,0,180,752,0,0,0,0,7.19,0.95,2.36,,1.4,0.2,11.7,0.0,18.4,68.3,35,23,1.0,20,0.04,164,272,6.5,51,1.62,,,,,,,,,15,1800,3,0.15,0.31,0.24,0.067,0,0,,4,0,3.8
4.0,,,,,,,,,,,,,,,,,,,,,,,,,,,291,1217,0,0,0,0,,,,,6.7,2.5,4.5,0.0,60.1,26.2,27,,5.6,,,287,,,,,,,,,,,,,,,,0.13,0.17,,,,0,,,,6.8
22.0,,,,942,1136,1503,204,2118,974,299,678,1096,1164,351,558,635,698,670,174,498,680,0,0,0,0,0,73,307,0,0,0,0,0.11,0.52,0.36,,1.4,0.0,0.9,0.0,16.3,81.4,14,1891,0.6,33,0.04,150,273,44.8,44,0.7,,,,,,,,,5,10,1.3,0.01,0.06,0.5,0.056,0,5,,1.2,0,1.0
67.0,,"Snail medium - size, edible",Ốc Bươu,,,,,,,,,,,,,,,,,,,0,0,0,0,0,84,351,,,,0,,,,,,,,,,,,,,,,,,,,,,,,,,,,,,,,,,,,,,,,,
80.0,,,,,,,,,,,,,,,,,,,,,,0,0,0,0,0,63,264,,,,0,,,,,,,,,,,,,,,,,,,,,,,,,,,,,,,,,,,,,,,,,
79.0,,,,,,,,,,,,,,,,,,,,,,0,0,0,0,0,84,353,,,,0,,,,,,,,,,,,,,,,,,,,,,,,,,,,,,,,,,,,,,,,,
70.0,,,,,,,,,,,,,,,,,,,,,,0,0,0,0,0,72,303,,,,0,,,,,,,,,,,,,,,,,,,,,,,,,,,,,,,,,,,,,,,,,
50.0,,,,,,,,,,,,,,,,,,,,,,0,0,0,0,0,83,347,,,,0,,,,,,,,,,,,,,,,,,,,,,,,,,,,,,,,,,,,,,,,,
50.0,,,,,,,,,,,,,,,,,,,,,,0,0,0,0,0,77,321,,,,0,,,,,,,,,,,,,,,,,,,,,,,,,,,,,,,,,,,,,,,,,
5.0,407,Typhlorynchus sinensis,Rươi,,,,,,,,,,,,,,,,,,,0,0,0,0,0,89,373,0,0,0,0,,,,,,,,,,,,,,,,,,,,,,,,,,,,,,,,,,,,,,,,,
80.0,,,,522,767,827,148,1489,458,153,762,833,722,245,425,632,425,419,87,228,484,0,0,0,0,0,78,328,0,0,0,0,0.36,0.89,0.51,,1.2,4.9,2.3,0.0,9.5,82.1,37,1576,1.9,42,0.6,82,223,77,380,13.4,,,,,,,,,10,53,16,0.03,0.15,0.5,0.05,0,0,,,,1.7
80,,Tiny shrimp,Tép gao,,,,,,,,,,,,,,,,,,,,,,,,58,241,,,,0,,,,,,,,,,,,,,,,,,,,,,,,,,,,,,,,,,,,,,,,,
5.0,,,,,,,,,,,,,,,,,,,,,,,,,,,269,1125,0,0,0,0,,,,,13.5,0.7,3.0,0.0,59.8,23.0,2000,,5.5,,,605,,,,,,,,,,,,,,,,0.03,0.07,,,,0,,,,2.5
54.0,,,,,,,,,,,,,,,,,,,,,,,5,,,,82,344,,,,0,0.25,0.87,0.33,,,,,,,,,,,,,,,,,,,,,,,,,,,,,,,,,,,,,,
100.0,,,,961,1730,1872,200,2844,1141,400,980,1560,1560,630,830,644,674,750,180,556,940,,,,,,90,376,0,0,0,0,,,,,2.9,0.0,1.8,0.0,18.4,76.9,1120,,2.2,42,,150,316,58.8,418,,,0.0,0.0,0.0,0.0,0.0,0.0,0.0,,15,,0.02,0.03,,,,0,,,,3.2
5.0,,,,,,,,,,,,,,,,,,,,,,,,,,,347,1450,0,0,0,0,,,,,5.5,2.5,3.8,0.0,75.6,12.6,236,,4.6,,,995,,,,,,,,,,,,,,,,0.16,0.34,,,,0,,,,9.5
60.0,,,,,240,,,,,60,270,270,200,120,250,,,340,50,,250,0,0,0,0,0,38,160,0,0,0,0,0.08,0.28,0.09,,1.9,2.5,1.1,0.0,4.6,89.9,668,344,1.5,9,0.5,107,314,24.3,56,1.37,,,,,,,,,16,90,49.44,0.02,0.46,0.362,0.06,0,0,,0.31,0.2,3.1
0.0,,,,,,,,,,,,,,,,,,,,,,,,,,,676,2827,0,0,0,0,,,,,1.3,34.1,59.2,0.0,1.6,,175,,,,,30,,,,,,,,,,,,,,,,,,,,,0,,,,
0.0,,Shrimp paste,Bánh Phồng Tôm Sống,,,,,,,,,,,,,,,,,,,,,,,,381,1596,0,0,0,0,,,,,1.9,75.3,7.4,0.0,3.4,12.0,258,,,,,50,,,,,,,,,,,,,,,,,,,,,,,,,
100.0,,Fish flour with bones,Bột Cá,,,,,,,,,,,,,,,,,,,,,,,,323,1351,,,,,,,,,11.3,3.0,2.9,0.0,71.2,11.6,505,,50.0,,,207,,,,,,,,,,,,,,,,0.03,0.38,,,,0,,,,
0.0,,,,,,,,,,,,,,,,,,,,,,,,,,,312,1304,0,0,0,0,,,,,13.2,3.0,4.1,0.0,65.7,,26,,,,,654,,,,,,,,,,,,,,,,,,,,,0,,,,
0.0,,,,,,,,,,,,,,,,,,,,,,,,,,,305,1275,0,0,0,0,,,,,14.6,3.7,3.1,0.0,65.5,13.1,,,,,,,,,,,,,,,,,,,,,,,,,,,,,,,
14.0,,,,744,778,1084,280,1068,436,290,746,1080,796,428,703,488,963,598,188,514,876,0,0,0,55,0,166,693,,,,0,3.81,1.36,3.1,,1.1,0.5,11.6,0.0,14.8,72.0,55,55,2.7,11,0.04,210,176,31.7,158,0.9,,0.11,0.11,0.21,0.11,0.11,0.11,0.77,47,700,1.29,0.16,0.31,1.438,0.143,0,0,0.88,0.97,0.3,0.2
0.0,421,,,817,1130,1361,290,1995,692,391,934,1387,1104,414,709,678,1351,883,238,701,994,38,88,33,1094,0,327,1366,,,,0,11.74,4.2,9.55,,1.6,1.0,29.8,0.0,13.6,54.0,134,125,7.0,14,0.06,532,169,18.3,108,3.7,,0.07,0.07,0.18,0.07,0.07,0.07,0.56,146,960,1.95,0.32,0.52,2.99,0.35,0,0,2.68,2.58,0.7,0.0
100.0,,,,697,631,956,268,1507,404,245,659,940,665,420,679,406,797,481,166,434,809,0,0,0,0,0,46,193,,,,0,0.0,0.0,0.0,,0.6,1.0,0.1,0.0,10.3,88.0,19,25,0.3,7,0.01,16,172,6.8,215,0.2,,0.07,0.07,0.34,0.07,0.07,0.07,0.71,4,0,0.09,0.01,0.26,0.19,0.005,0,0,,,,0.1
12.0,,,,631,765,777,285,1789,422,320,598,1097,951,576,840,480,963,736,260,613,885,0,14,12,459,0,184,769,,,,0,6.53,1.22,3.68,,1.8,1.0,14.2,0.0,13.0,70.0,71,62,3.2,17,0.04,210,258,36.4,191,0.8,,,,,,,,0.93,80,360,5.4,0.15,0.3,1.862,0.25,0,0,,1.34,0.4,0.1
100.0,,,,705,801,1398,191,1736,462,447,827,1315,1180,434,679,1059,1207,868,204,705,963,,695,,,,364,1524,,,,,,,,,1.8,4.8,32.3,0.0,13.6,47.5,146,,5.6,,,328,,,,,,,,,,,,,,1625,,0.54,0.94,,,,0,,,,0.2
100.0,,,,493,428,1069,203,1635,407,267,535,1026,759,694,780,780,994,802,150,588,845,0,0,0,0,0,47,196,,,,0,,,,,,,,,,,,,,,,,,,,,,,,,,,,,,,,,,,,,,,,,
11.0,426,,,762,835,1294,311,1662,434,315,816,1146,881,421,737,518,992,641,209,543,940,0,11,10,369,0,154,643,0,0,0,0,4.32,1.32,3.56,,1.1,0.4,11.1,0.0,13.1,74.4,64,62,3.65,13,0.04,226,132,32,141,1.47,,,,,,,,0.41,66,155,1.58,0.13,0.79,1.761,0.15,0,0,,1.08,0.3,0.2
100.0,,Fish Roe,Trứng Cá,,,,,,,,,,,,,,,,,,,,,,,,171,716,,,,,,,,,4.7,0.0,9.9,0.0,20.5,64.9,28,,1.1,,,230,,,,,,,,,,,,,,,,,,,,,,,,,
100.0,,"Fish caviar, black and red, granule",Trứng Cá Muối,1653,1590,2385,449,3633,740,649,1035,2133,1834,646,1071,1200,1897,1263,323,968,1263,0,0,0,720,0,274,1144,0,0,0,0,4.63,7.41,4.06,,6.5,3.5,17.9,0.0,24.6,47.5,275,110,11.88,300,0.05,356,181,65.5,1500,0.95,,0,0,0,0,0,0,0,50,561,20,0.19,0.62,3.5,0.32,0,0,5.8,7,0.7,0.1
12.0,,,,,,,,,,,,,,,,,,,,,,,435,,,,182,761,,,,,,,,,3.0,4.0,12.4,0.0,13.6,,82,,3.0,,,212,,,,,,,,,,,,,,875,,0.12,0.25,,,,3,,,,0.8
100.0,,,,,,,,,,,,,,,,,,,,,,,770,,,,563,2356,,,,,,,,,3.5,1.8,42.2,0.0,44.0,8.5,186,,9.3,,,786,,,,,,,,,,,,,,1340,,0.35,1.23,,,,,,,,0.2
100,431,,,95,170,221,28,640,57,100,250,460,320,90,180,297,167,190,50,137,240,0,22,0,0,0,74,311,,,,0,0.81,0.2,1.87,,,,,,,,,,,,,,,,,,,,,,,,,,,,,,,,,,,,,,
100.0,,,,106,101,244,85,636,58,85,159,313,249,80,191,350,170,161,42,212,207,0,20,0,0,0,,,0,0,0,0,1.11,0.15,2.67,,0.7,4.5,4.1,0.0,3.5,87.2,147,46,0.1,14,0.02,126,204,1.4,50,0.3,,,,,,,,4.45,1,50,0.07,0.04,0.18,0.31,0.046,0,3,0.3,0.07,0.3,0.3
100.0,,,,58,60,130,26,264,34,59,110,150,110,40,90,137,60,70,30,82,130,0,1,0,1,3,61,255,,,,,1.66,0.5,2.01,,0.2,7.0,3.0,0.0,1.5,88.3,34,14,0.1,2,0.01,15,41,1.8,15,0.4,,,,,,,,6.89,5,90,0.05,0.01,0.04,0.223,0.011,0,6,0.1,0.08,0.3,0.1
100.0,434,,,134,135,310,39,898,80,109,228,388,360,107,199,417,234,181,56,192,298,0,11,0,0,0,61,255,0,0,0,0,0.89,0.09,2.1,,0.7,3.6,3.7,0.0,3.3,88.7,120,9,0.1,12,0.0,95,155,2.2,46,0.59,,,,,,,,4.66,7,25,0.37,0.04,0.2,0.389,0.032,0,1,,,,0.1
100.0,,"Yogurt, chocolate, nonfat milk",Sữa chua vỏ béo,,,,,,,,,,,,,,,,,,,0,,0,0,0,103,432,0,0,0,0,0.0,0.0,0.0,,1.4,22.3,0.0,1.2,3.5,71.6,143,209,0.06,40,,109,339,7,135,1.13,,,,,,,,14.97,12,4,0.5,0.04,0.2,,0.047,0,1,,0,0,0.1
0.0,10006,"Milk powder, whole",Sữa Bột Toàn Phân,1031,942,1909,243,5697,524,772,1301,2541,2230,699,1291,2471,132,1231,381,1366,1615,0,43,0,0,0,494,2067,0,0,0,0,7.92,0.87,16.74,,5.5,38.0,26.0,0.0,27.0,3.5,939,80,1.1,85,0.04,790,1330,16.3,371,3.34,,,,,,,,38.42,37,318,3.25,0.24,1.31,2.271,0.302,0,10,7.8,0.48,1.8,0.7
100.0,,,,,1025,,131,,,877,2278,3177,3047,1243,1700,,,1542,441,1559,2310,0,1,0,0,0,357,1494,0,0,0,0,0.2,0.03,0.5,,8.0,52.0,1.0,0.0,35.0,4.0,1400,41,0.45,110,0.02,980,1794,27.3,535,4.08,,,,,,,,51.48,50,6,4.03,0.42,0.6,3.568,0.361,0,6,8.3,0,0.1,1.2
100.0,,,,272,263,648,68,1518,185,206,392,698,536,194,401,728,428,353,101,383,494,0,50,0,0,0,336,1404,0,0,0,0,,,,,1.7,56.0,8.8,0.0,8.1,25.4,307,,0.6,,,219,,,,,,,,,,,,,,58,,0.06,0.3,,,,0,,,,0.2
100.0,,Cheese (whole fat),PHO MẬT,734,808,1691,141,5631,469,683,1138,2076,1883,596,1286,2612,1401,943,369,1385,1618,0,118,0,0,0,380,1590,0,0,0,0,9.39,0.94,21.09,,4.7,0.0,30.9,0.0,25.5,38.9,760,31,0.5,28,0.01,424,98,13.9,621,3.11,,,,,,,,0.52,18,275,0.83,0.1,0.51,0.413,0.074,0,1,0.3,0.29,2.8,0.1
100.0,,"Banana, canned, sweetened",Chuối Nước Đường,,,,,,,,,,,,,,,,,,,0,,0,0,,58,241,0,0,0,0,,,,,,,,,,,,,,,,,,,,,,,,,,,,,,,,,,,,,,,,,
0.0,441,Cucumber (canned),Dưa chuột hộp,11,21,20,2,95,12,5,10,14,14,3,9,8,10,9,3,6,11,14,55,32,29,0,8,33,,,,0,0.0,0.08,0.05,,,,,,,,,,,,,,,,,,,,,,,,,,,,,,,,,,,,,,
100,,"Pineapple, canned, sweetened",Dứa hộp,18,12,82,1,41,14,8,9,14,16,9,9,9,19,9,5,9,12,0,23,0,0,0,53,223,,,,0,0.01,0.04,0.01,,,,,,,,,,,,,,,,,,,,,,,,,,,,,,,,,,,,,,
100.0,,,,,,,,,,,,,,,,,,,,,,0,0,0,0,0,680,2843,,,,0,,,,,,,,,,,,,,,,,,,,,,,,,,,,,,,,,,,,,,,,,
0.0,,,,,,,,,,,,,,,,,,,,,,0,0,0,0,0,56,233,,,,0,,,,,,,,,,,,,,,,,,,,,,,,,,,,,,,,,,,,,,,,,
100,,"Plum, canned, sweetened",Mãn nước đỗng,14,6,116,2,17,6,6,7,10,8,3,8,16,9,8,,3,9,0,127,23,49,0,64,268,,,,0,0.07,0.02,0.01,,,,,,,,,,,,,,,,,,,,,,,,,,,,,,,,,,,,,,
0.0,,,,,,,,,,,,,,,,,,,,,,0,0,0,0,0,198,830,,,,0,,,,,,,,,,,,,,,,,,,,,,,,,,,,,,,,,,,,,,,,,
100.0,,,,,,,,,,,,,,,,,,,,,,,50,,,,218,914,0,0,0,,,,,,0.4,54.2,0.0,2.2,0.4,42.8,28,,0.26,,,22,,,,,,,,,,,,,,,,0.03,0.01,,,,,,,,0.0
100.0,,Banana jam,Mứt chuối,,,,,,,,,,,,,,,,,,,0,0,0,0,0,218,914,,,,0,,,,,,,,,,,,,,,,,,,,,,,,,,,,,,,,,,,,,,,,,
100.0,,Pineapple jam,Mứt Dứa,,,,,,,,,,,,,,,,,,,,20,,,,208,870,0,0,0,0,,,,,,,,,,,,,,,,,,,,,,,,,,,,,,,,,,,,,,,,,
100,,Papaya jam,Mứt Ơ Đu,,,,,,,,,,,,,,,,,,,,,,,,178,745,,,,0,,,,,,,,,,,,,,,,,,,,,,,,,,,,,,,,,,,,,,,,,
100.0,,,,,,,,,,,,,,,,,,,,,,,,,,,62,259,0,0,0,0,,,,,0.2,15.0,0.0,1.0,0.5,83.3,12,,0.3,,,230,,,,,,,,,,,,,,,,,0.04,,,,32,,,,0.1
100,,Pineapple juice,Nước Dưa Hộp,,,,,,,,,,,,,,,,,,,0,3,0,0,0,53,221,,,,0,0.01,0.04,0.01,,,,,,,,,,,,,,,,,,,,,,,,,,,,,,,,,,,,,,
0.0,,"Litchi, canned, sweetened",Vải Nước Đường,,,,,,,,,,,,,,,,,,,0,0,0,0,0,60,253,0,0,0,0,,,,,,,,,,,,,,,,,,,,,,,,,,,,,,,,,,,,,,,,,
100.0,,,,,,,,,,,,,,,,,,,,,,,,,,,207,867,0,0,0,0,,,,,5.7,0.0,12.0,,24.8,57.5,50,,1.6,,,260,,,,,,0,0,0,0,0,0,0,,,,0.02,0.1,,,,,,,,6.5
0.0,,,,1202,1141,1854,217,2778,1202,414,1013,1539,1539,587,697,1162,1042,845,227,656,1204,0,0,0,0,0,233,974,0,0,0,0,,,,,3.1,3.5,14.4,,22.3,56.7,86,,2.3,,,437,,,,,,,,,,,,,,28,,0.02,0.12,,,,,,,,2.5
0.0,,"Beef, canned",Thịt Bò Hộp,,,,,,,,,,,,,,,,,,,,,,,,251,1050,0,0,0,0,,0.99,3.3,,1.6,0.0,20.6,,16.4,61.4,13,,2.9,,,250,,,,,,0,0,0,0,0,0,0,,,,,0.23,,,,,,,,2.5
100.0,,,,,,,,,,,,,,,,,,,,,,,,,,,273,1143,0,0,0,0,,,,,1.2,0.0,22.8,,17.0,59.0,108,,2.8,,,138,,,,,,0,0,0,0,0,0,0,,520,,0.09,0.37,,,,,,,,2.4
100.0,,"Pork, canned",Thịt Lợn Hộp,,,,,,,,,,,,,,,,,,,,,,,,344,1438,0,0,0,0,,3.94,2.1,,1.7,2.7,29.3,,17.3,49.0,9,,1.2,,,200,,,,,,,,,,,,,,,,0.19,0.21,,,,0,,,,3.2
0.0,,,,,,,,,,,,,,,,,,,,,,0,0,0,0,0,244,1021,0,0,0,0,,,,,1.2,0.0,20.0,,16.0,,8,,2.1,,,120,,,,,,0,0,0,0,0,0,0,,8,,0.26,0.19,,,,1,,,,5.5
100,460,,,,,,,,,,,,,,,,,,,,,0,0,0,0,0,224,938,0,0,0,0,,,,,4.3,0.0,16.2,,19.6,59.9,,,,,,,,,,,,0,0,0,0,0,0,0,,,,,,,,,0,,,,
100.0,,Whole wheat rusk,Bánh bích cổt,,,,,,,,,,,,,,,,,,,0,13,0,0,0,346,1448,0,0,0,0,,,,,2.3,71.3,1.3,0.8,12.3,12.0,39,,2.7,,,231,,,,,,,,,,,,,,86,,0.36,0.18,,,,0,,,,0.2
100.0,,,,,,,,,,,,,,,,,,,,,,0,75,0,0,0,376,1574,0,0,0,0,,,,,0.7,75.1,4.5,0.5,8.8,10.4,75,,3.6,,,79,,,,,,,,,,,,,,19,,0.4,0.26,,,,0,,,,0.7
0.0,,Sweet meat pie in lumps,Bánh Chả,,,,,,,,,,,,,,,,,,,0,5,0,0,0,395,1653,0,0,0,0,,,,,0.5,80.5,6.6,1.0,3.4,8.0,42,,1.9,,,29,,,,,,,,,,,,,,,,0.04,0.07,,,,0,,,,0.4
100.0,,,,,,,,,,,,,,,,,,,,,,0,5,0,0,0,368,1541,0,0,0,0,,,,,0.5,79.6,2.2,0.2,7.5,10.0,54,,2.9,,,99,,,,,,,,,,,,,,,,0.13,0.13,,,,0,,,,0.9
100.0,,Mungbean cake,Bánh Đậu Xanh,,,,,,,,,,,,,,,,,,,0,105,0,0,0,416,1738,0,0,0,0,,,,,,,,,,,,,,,,,,,,,,,,,,,,,,,,,,,,,,,,,
0.0,,,,,,,,,,,,,,,,,,,,,,0,0,0,0,0,492,2059,,,,0,,,,,,,,,,,,,,,,,,,,,,,,,,,,,,,,,,,,,,,,,
100.0,,"Rice cake, plain",Bánh Khão Chay,,,,,,,,,,,,,,,,,,,,,,,,376,1574,0,0,0,0,,,,,0.3,90.2,0.3,0.2,3.2,5.8,2,,0.1,,,1,,,,,,,,,,,,,,,,0.04,,,,,0,,,,
0.0,468,,,,,,,,,,,,,,,,,,,,,0,75,0,0,0,435,1820,,,,0,,,,,,,,,,,,,,,,,,,,,,,,,,,,,,,,,,,,,,,,,
0.0,,,,,,,,,,,,,,,,,,,,,,0,10,0,0,0,449,1879,0,0,0,0,,,,,1.2,68.8,17.6,0.0,3.9,8.5,58,,3.7,,,142,,,,,,,,,,,,,,13,,0.04,0.17,,,,0,,,,0.4
100.0,,"Chocolate, sweet",Bánh Thổi Sô Cô La,,,,,,,,,,,,,,,,,,,,,,,,543,2273,0,0,0,0,,,,,1.4,62.5,30.4,,4.9,0.8,280,,1.5,,,280,,,,,,,,,,,,,,,,0.03,0.01,,,,0,,,,0.6
100.0,471,Small biscuit,Bánh Trứng Nhẹn,,,,,,,,,,,,,,,,,,,0,105,0,0,0,369,1542,0,0,0,0,,,,,0.7,74.2,3.7,0.2,9.6,11.6,76,,3.9,,,140,,,,,,,,,,,,,,17,,0.15,0.36,,,,0,,,,0.9
100,,Cocoa powder,Bột Ca Cao,904,1111,1953,239,2948,879,339,760,1189,983,202,941,838,846,776,293,735,1177,0,0,0,38,0,414,1731,,,,,4.57,0.44,8.07,0.0,,,,,,,,,,,,,,,,,,,,,,,,,,,,,,,,,,,,,
100,473,Refined sugar,Đường cát,0,0,0,0,0,0,0,0,0,0,0,0,0,0,0,0,0,0,,,,,,390,1630,,,,0,0.0,0.0,0.0,0.0,,,,,,,,,,,,,,,,,,,,,,,,,,,,,,,,,,,,,
100.0,,Granulated sugar,Đường Kính,0,0,0,0,0,0,0,0,0,0,0,0,0,0,0,0,0,0,,,,,,397,1662,,,,0,,,,,,,,,,,,,,,,,,,,,,,,,,,,,,,,,,,,,,,,,
0.0,,"Toffee, sweets",Kẹo bơ củng,,,,,,,,,,,,,,,,,,,,,,,,448,1873,0,0,0,0,,,,,0.8,71.1,17.2,0.0,2.1,8.8,64,,0.76,,,64,,,,,,,,,,,,,,,,,,,,,,,,,
100,476,,,0,0,0,0,0,0,0,0,0,0,0,0,0,0,0,0,0,0,0,0,0,0,0,378,1580,,,,0,,,,,,,,,,,,,,,,,,,,,,,,,,,,,,,,,,,,,,,,,
0.0,"STT: 477, Mã số: 12017","Sweets, caramel with citron, orange aroma",Kẹo cam chanh,0,0,0,0,0,0,0,0,0,0,0,0,0,0,0,0,0,0,0,0,0,0,0,377,1577,,,,0,,,,,,,,,,,,,,,,,,,,,,,,,,,,,,,,,,,,,,,,,
0.0,,Sweets with coconut aroma,Kẹo Dừa Mềm,,,,,,,,,,,,,,,,,,,0,0,0,0,0,415,1735,,,,0,,,,,,,,,,,,,,,,,,,,,,,,,,,,,,,,,,,,,,,,,
0.0,,Pineapple sweets candy,Kẹo Dưa Mềm,,,,,,,,,,,,,,,,,,,0,0,0,0,0,415,1735,,,,0,,,,,,,,,,,,,,,,,,,,,,,,,,,,,,,,,,,,,,,,,
100.0,,Peanut candy,Kẹo Lạc,,,,,,,,,,,,,,,,,,,,,,,,449,1878,0,0,0,0,,,,,1.2,64.8,16.5,2.2,10.3,5.0,,,,,,,,,,,,,,,,,,,,,,,,,,,,,,,
0.0,,,,,,,,,,,,,,,,,,,,,,0,0,0,0,0,356,1490,,,,0,,,,,,,,,,,,,,,,,,,,,,,,,,,,,,,,,,,,,,,,,
100,482,Sweets with chocolate,Kẹo Sô Cô La,,,,,,,,,,,,,,,,,,,,,,,,388,1624,0,0,0,0,,,,,0.7,85.1,4.6,1.2,1.6,6.8,,,,,,,,,,,,,,,,,,,,,,,,,,,,,,,
100.0,,,,,,,,,,,,,,,,,,,,,,0,0,0,0,0,390,1633,,,,0,,0.11,8.61,,,,,,,,,,,,,,,,,,,,,,,,,,,,,,,,,,,,,,
100.0,,Sesame candy,Kẹo vừng viên,,,,,,,,,,,,,,,,,,,0,0,0,0,0,417,1744,,,,0,,,,,,,,,,,,,,,,,,,,,,,,,,,,,,,,,,,,,,,,,
100,,Malt,Mạch Nha,,,,,,,,,,,,,,,,,,,0,0,0,0,0,331,1384,,,,0,,,,,,,,,,,,,,,,,,,,,,,,,,,,,,,,,,,,,,,,,
100,486,,,6,5,27,3,18,7,1,8,10,8,1,11,90,6,4,4,8,9,0,0,0,0,0,327,1367,,,,0,0.0,0.0,0.0,0.0,,,,,,,,,,,,,,,,,,,,,,,,,,,,,,,,,,,,,
100.0,,,,,,,,,,,,,,,,,,,,,,0,0,0,0,0,431,1802,,,,0,,,,,,,,,,,,,,,,,,,,,,,,,,,,,,,,,,,,,,,,,
0.0,,"Cari powder (Mix, turmeric, red pepper and other spices)",CARY BỘT,,,,,,,,,,,,,,,,,,,,380,,,,,,0,0,0,0,,,,,,,,,,,,,,,,,,,,,,,,,,,,,,,,,,,,,,,,,
100.0,,"Ginger root, dried powder",Gừng khô (Bột),163,226,1090,42,848,226,158,266,387,299,67,236,216,236,187,63,102,382,0,88,0,0,0,323,1350,,,,0,1.0,1.31,1.94,,,,,,,,,,,,,,,,,,,,,,,,,,,,,,,,,,,,,,
100.0,13003,"Ginger root, fresh",Gừng tươi,31,43,208,8,162,43,30,51,74,57,13,45,41,45,36,12,20,73,0,0,0,0,0,,,0,0,0,0,0.15,0.15,0.2,,0.5,5.1,0.8,3.3,0.4,90.0,60,226,2.5,43,0.23,8,316,0.7,7,0.34,,,,,,,,1.7,11,,0,0.04,0.04,0.203,0.16,0,5,,0.26,0.1,0.7
0.0,,,,,,,,,,,,,,,,,,,,,,0,156,48,205,6,231,967,,,,0,1.01,1.13,0.98,0.0,,,,,,,,,,,,,,,,,,,,,,,,,,,,,,,,,,,,,
100,STT: 492,Table salt,Mùi,0,0,0,0,0,0,0,0,0,0,0,0,0,0,0,0,0,0,0,0,0,0,0,0,0,,,,0,0.0,0.0,0.0,0.0,,,,,,,,,,,,,,,,,,,,,,,,,,,,,,,,,,,,,
0.0,493,,,,,,,,,,,,,,,,,,,,,,,,,,295,1236,,,,,1.66,2.18,3.12,,,,,,,,,,,,,,,,,,,,,,,,,,,,,,,,,,,,,,
100.0,,,,,,,,,,,,,,,,,,,,,,,,,,,,,,,,,,,,,1.0,4.4,0.3,6.5,1.1,86.7,12,,,,,22,587,,52,,,,,,,,,,,,,0.03,0.03,,,,4,,,,0.4
0.0,,"Red pepper, dried powder",Ốt khô bột,,,,,,,,,,,,,,,,,,,,8442,,,,227,951,,,,0,,,,,,,,,,,,,,,,,,,,,,,,,,,,,,,,,,,,,,,,,
100.0,,,,,,,,,,,,,,,,,,,,,,0,0,0,0,0,26,109,0,0,0,0,,,,,,,,,,,,,,,,,,,,,,,,,,,,,,,,,,,,,,,,,
100.0,,,,536,405,882,107,2411,435,215,487,735,731,167,534,806,483,407,181,342,524,,,,,,65,273,0,0,0,0,0.02,0.04,0.01,,17.8,5.6,0.1,0.0,10.5,66.0,20,135,2.38,40,0.5,130,212,0.8,5586,0.43,,,,,,,,1.7,18,0,0,0.06,0.15,0.376,0.2,0,0,0,0,0,4.0
100.0,,,,,,,,,,,,,,,,,,,,,,0,0,0,0,0,73,304,0,0,0,0,,,,,35.7,0.0,1.5,0.0,14.8,48.0,,,,,,,,,,,,0,0,0,0,0,0,0,,,,,,,,,0,,,,
0.0,,,,,,,,,,,,,,,,,,,,,,,,,,,44,182,0,0,0,0,,,,,21.5,2.1,0.8,0.0,7.0,,645,,,,,226,,,,,,0,0,0,0,0,0,0,,,,,,,,,0,,,,
0.0,,,,,,,,,,,,,,,,,,,,,,0,0,0,0,0,68,283,0,0,0,0,,,,,29.1,5.5,1.2,0.0,8.7,55.5,,,,,,,,,,,,0,0,0,0,0,0,0,,,,,,,,,0,,,,
0.0,,,,,,,,,,,,,,,,,,,,,,,,,,,60,251,0,0,0,0,,,,,25.0,0.0,0.0,0.0,15.0,60.0,387,,2.7,,,247,,,,,,0,0,0,0,0,0,0,,,,0.09,0.86,,,,0,,,,
100.0,,"Fish sauce, grade I",Nước Mắm Cá Loài I,,,,,,,,,,,,,,,,,,,,,,,,28,119,,,,,,,,,25.0,0.0,0.0,0.0,7.1,67.9,387,,2.7,,,247,,,,,,,,,,,,,,,,0.03,0.27,,,,0,,,,
0.0,,,,,,,,,,,,,,,,,,,,,,0,0,0,0,0,21,87,0,0,0,0,,,,,28.0,0.0,0.0,0.0,5.2,66.8,314,,1.9,,,116,,,,,,0,0,0,0,0,0,0,,,,,,,,,0,,,,
100.0,,"Fish sauce, ready-to-serve",Nước Mắm Cá,,,,,,,,,,,,,,,,,,,,,,,,35,146,0,0,0,0,0.002,0.003,0.003,,20.2,3.6,0.01,0.0,5.1,71.1,43,50,0.78,175,0.23,7,288,9.1,7720,0.2,,0,0,0,0,0,0,0,,,,,,,,,,,,,
0.0,,,,,,,,,,,,,,,,,,,,,,0,0,0,0,0,131,549,0,0,0,0,,,,,47.0,0.0,0.0,0.0,32.8,,,,,,,,,,,,,0.0,0.0,0.0,0.0,0.0,0.0,0.0,,,,,,,,,0,,,,
0.0,,Soybean sauce with rice and maize,Tương Ngô,,,,,,,,,,,,,,,,,,,,,,,,75,312,,,,,,,,,11.2,14.5,0.1,0.0,3.9,70.3,,,,,,,,,,,,0,0,0,0,0,0,0,,,,,,,,,0,,,,
0.0,STT: 507,Soybean sauce with glutinous rice,Tương Nếp,,,,,,,,,,,,,,,,,,,0,0,0,0,0,86,361,0,0,0,0,,,,,,,,,,,,,,,,,,,,,,,,,,,,,,,,,,,,,,,,,
100,"STT: 508, Mã số: 13021",Red pepper sauce concentrate,Tương Ớt,,,,,,,,,,,,,,,,,,,17,257,19,341,0,37,154,,,,,0.41,0.07,0.08,,6.5,7.6,0.5,0.9,0.5,84.0,9,87,0.5,12,,16,564,0.2,25,0.15,,,,,,,,2.55,11,0,0,0.01,0.09,,0.14,0,30,,0.36,6.7,0.6
100.0,,,,276,433,674,110,1479,278,163,297,503,357,91,330,461,363,254,90,228,311,,,,,,53,220,0,0,0,0,0.006,0.019,0.005,,15.3,6.8,0.04,0.8,6.3,70.8,19,104,1.93,43,0.42,125,217,0.5,5637,0.52,,,,,,,,1.7,14,0,0,0.03,0.17,0.297,0.148,0,0,,0,0,2.2
,,,,0,0,0,0,0,0,0,0,0,0,0,0,0,0,0,0,0,0,0,0,0,0,0,701,2931,,,,,18.03,45.54,10.78,,0.4,0.1,77.8,0.0,0.0,21.7,7,0,0.23,1,,25,14,1.6,486,0.13,,,,,,,,0.1,0,,0,0.01,0.06,,0.01,0,0,,11.79,24.7,0.0
100,,Beer light (4.5% Alcohol),BIA (Cồn: 4.5 G),23,14,27,14,74,22,10,11,14,14,4,11,69,15,12,7,7,19,0,0,0,0,0,11,47,0,0,0,0,0.0,0.0,0.0,,0.2,2.3,0.0,0.0,0.5,92.5,6,5,0.1,6,0.01,26,27,0.6,4,0.01,,,,,,,,,6,,0.02,0.01,0.03,0.041,0.046,0,0,,,,0.8
100.0,14002,Cognac,Cô Nhạc (Cồn 32G),0,0,0,0,0,0,0,0,0,0,0,0,0,0,0,0,0,0,0,0,0,0,0,0,0,,,,0,0.0,0.0,0.0,,,,,,,,,,,,,,,,,,,,,,,,,,,,,,,,,,,,,,
100.0,,"Cocktail, vermouth sweet",Cốc Tai (Cồn 13 G),0,0,0,0,0,0,0,0,0,0,0,0,0,0,0,0,0,0,0,0,0,0,0,63,263,,,,0,0.0,0.0,0.0,,,,,,,,,,,,,,,,,,,,,,,,,,,,,,,,,,,,,,
0.0,STT: 514,Coca Cola,COCA COLA,0,0,0,0,0,0,0,0,0,0,0,0,0,0,0,0,0,0,0,0,0,0,0,42,174,,,,0,0.0,0.0,0.0,,,,,,,,,,,,,,,,,,,,,,,,,,,,,,,,,,,,,,
0.0,,,,15,47,75,5,33,9,3,8,13,9,3,9,44,13,8,2,4,11,6,33,169,115,0,23,95,,,,0,,,,,,,,,,,,,,,,,,,,,,,,,,,,,,,,,,,,,,,,,
100.0,,,,,,,,,,,,,,,,,,,,,,0,0,0,0,0,21,87,0,0,0,0,0.04,0.04,0.02,,0.4,4.8,0.0,0.0,0.4,94.4,60,,0.3,,,29,,,,,,,,,,,,,,,,,,,,,1,,,,
100.0,,,,14,19,23,12,114,229,20,19,31,31,2,21,20,15,21,6,11,21,0,270,0,60,0.9037,19,79,0,0,0,0,,,,,1.0,2.6,0.6,0.4,0.8,94.6,8,61,0.3,11,0.07,13,229,0.3,269,0.15,,,,,,,,,20,,,0.03,0.03,0.25,0.111,0,7,,0.32,2.3,0.7
100.0,518,Mineral water,Nước khoáng,0,0,0,0,0,0,0,0,0,0,0,0,0,0,0,0,0,0,0,0,0,0,0,0,0,0,0,0,0,,,,,,,,,,,,,,,,,,,,,,,,,,,,,,,,,,,,,,,,,
0.0,519,,,11,34,53,4,24,7,2,5,10,7,2,6,31,9,6,1,3,8,14,38,214,166,0,24,100,,,,0,,,,,,,,,,,,,,,,,,,,,,,,,,,,,,,,,,,,,,,,,
100.0,,"Liqueur, orange flavor","RƯƠU CAM, CHANH (CỒN 24,2 G)",0,0,0,0,0,0,0,0,0,0,0,0,0,0,0,0,0,0,0,0,0,0,0,0,0,,,,0,0.04,0.04,0.02,,,,,,,,,,,,,,,,,,,,,,,,,,,,,,,,,,,,,,
0.0,,Rice glutinous (Alcohol fermentation rice 80 g water 24 ml),RƯỢU NẾP (80G/24 ML) (CỒN 5 G),,,,,,,,,,,,,,,,,,,0,0,0,0,0,167,698,,,,0,0.0,0.0,0.0,,,,,,,,,,,,,,,,,,,,,,,,,,,,,,,,,,,,,,
100.0,,Vodka,RƯƠU TRĂNG (CỒN 39 G),,,,,,,,,,,,,,,,,,,0,0,0,0,0,273,1142,,,,0,0.0,0.0,0.0,,,,,,,,,,,,,,,,,,,,,,,,,,,,,,,,,,,,,,
100.0,,Red wine,Rượu vang đỏ (Cồn 9.5 g),,,,,,,,,,,,,,,,,,,0,0,0,0,0,9,37,0,0,0,0,0.0,0.0,0.0,,0.3,2.0,0.0,0.0,0.2,88.0,8,,0.82,,,10,,,,,,,,,,,,,,,,,0.02,,,,0,,,,0.1
100.0,,White wine,Rượu vang trắng (cồn 9.5 g),,,,,,,,,,,,,,,,,,,0,0,0,0,0,1,5,,,,,0.0,0.0,0.0,,0.3,0.2,0.0,0.0,0.1,89.9,9,40,0.5,8,0.02,6,61,0,4,0.06,,0.1,0,0.1,0,0,0,0.2,0,0,0,,0.01,0.03,0.02,0,0,0,0,0,0.1
,,"White wine, sweet",RƯỢU VANG TRẮNG NGỌT (CỒN 10.2G,,,,,,,,,,,,,,,,,,,0,0,0,0,0,24,102,,,,,0.0,0.0,0.0,,0.3,5.9,0.0,0.0,0.2,83.4,14,40,0.58,11,0.02,13,110,0,13,0.06,,3,0,2.9,0,0,0,5.9,0,0,0,0.0,0.01,0.03,0.012,0,0,0.0,0,0,0.1
0.0,,Whisky liqueur,"RƯƠU WHISKY (CỒN 35,2 G)",0,0,0,0,0,0,0,0,0,0,0,0,0,0,0,0,0,0,0,0,0,0,0,0,0,,,,0,0.0,0.0,0.0,,,,,,,,,,,,,,,,,,,,,,,,,,,,,,,,,,,,,,
